dimension,followers
Research,327
Community and Social Services,225
Business Development,221
Information Technology,209
Education,200
Finance,135
Consulting,124
Engineering,110
Operations,107
Program and Project Management,98
Administrative,54
Sales,48
Human Resources,44
Marketing,28
Accounting,25
Customer Success and Support,25
Product Management,23
Healthcare Services,22
Legal,18
Media and Communication,17
Arts and Design,14
Military and Protective Services,13
Quality Assurance,10
Purchasing,9
Real Estate,6
Entrepreneurship,2
