source_sheet,source_row,job_title,institution,persona_applied,why_flagged
Relevant - In CRM unknown,744,Acting Head of Research Finance,Cardiff University,Finance,Research/Finance hybrid - confirm
Relevant - In CRM valid,3204,Associate Professor In Accounting/Departmental Research Director,University Of Nottingham,Finance,Research/Finance hybrid - confirm
Relevant - In CRM valid,1706,Finance Post Award Analyst,Liverpool School Of Tropical Medicine,Finance,Research/Finance hybrid - confirm
Relevant - In CRM unknown,705,Head of Finance - Research & Innovation,Sheffield Hallam University,Finance,Research/Finance hybrid - confirm
Relevant - In CRM valid,1770,Head of Financial Planning and Analysis (FP&A) & Research,Middlesex University,Finance,Research/Finance hybrid - confirm
Relevant - In CRM unknown,695,Head of Research & Enterprise Finance,Aston University,Finance,Research/Finance hybrid - confirm
Relevant - In CRM unknown,694,"Head of Research Accounting, Monitoring and Claims",Cranfield University,Finance,Research/Finance hybrid - confirm
Relevant - In CRM unknown,691,"Head of Spatial Finance Initiative / Head of Innovation and Impact, CGFI",University of Oxford,Finance,Research/Finance hybrid - confirm
Relevant - In CRM unknown,688,"Head of Transition Finance Research, Oxford Sustainable Finance Group",University of Oxford,Finance,Research/Finance hybrid - confirm
Relevant - In CRM unknown,684,"Interim Head of Research, Finance and Governance",University of Liverpool,Finance,Research/Finance hybrid - confirm
Relevant - In CRM valid,3066,Laboratory And Finance Manager,The University of Edinburgh,Finance,Research/Finance hybrid - confirm
Relevant - In CRM valid,1393,Post Award Finance And Project Officer,Durham University,Finance,Research/Finance hybrid - confirm
Relevant - In CRM valid,1395,Post Award Finance And Project Officer,Durham University,Finance,Research/Finance hybrid - confirm
Relevant - In CRM valid,3183,Post Award Finance Coordinator,University Of Nottingham,Finance,Research/Finance hybrid - confirm
Relevant - In CRM valid,3518,Post Award Finance Manager,University of Leicester,Finance,Research/Finance hybrid - confirm
Relevant - In CRM valid,1679,Project Accountant (Research/Grants Accounting),Institute of Development Studies,Finance,Research/Finance hybrid - confirm
Relevant - In CRM unknown,666,Research Costing Bid Management Accountant,Cranfield University,Finance,Research/Finance hybrid - confirm
Relevant - In CRM valid,3540,Research Finance Manager,University of Manchester,Finance,Research/Finance hybrid - confirm
Relevant - In CRM valid,1083,Research Finance Manager (Post-Award),Bangor University,Finance,Research/Finance hybrid - confirm
Relevant - In CRM unknown,181,School Finance and Research Manager (Finance and School level Programmes),"Birkbeck, University of London",Finance,Research/Finance hybrid - confirm
Relevant - In CRM valid,2971,"Senior Lecturer & Head Of Research In Accounting, Finance & Banking",The Manchester Metropolitan University,Finance,Research/Finance hybrid - confirm
Relevant - In CRM valid,3354,Senior Research Finance Officer,University of Sussex,Finance,Research/Finance hybrid - confirm
Relevant - In CRM valid,2515,(no job title),Pearson,,blank title
Relevant - In CRM valid,2516,(no job title),Stanford University,,blank title
Relevant - In CRM valid,2517,(no job title),Brown University,,blank title
Relevant - In CRM valid,2518,(no job title),Brown University,,blank title
Relevant - In CRM valid,2519,(no job title),Brown University,,blank title
Relevant - In CRM valid,2520,(no job title),Pearson,,blank title
Relevant - In CRM valid,2521,(no job title),Brown University,,blank title
Relevant - In CRM valid,2522,(no job title),Brown University,,blank title
Relevant - In CRM valid,2523,(no job title),Brown University,,blank title
Relevant - In CRM valid,2524,(no job title),Brown University,,blank title
Relevant - In CRM valid,2525,(no job title),University of Nottingham,,blank title
Relevant - In CRM valid,2526,(no job title),Pearson,,blank title
Relevant - In CRM valid,2527,(no job title),Brown University,,blank title
Relevant - In CRM valid,2528,(no job title),Brown University,,blank title
Relevant - In CRM valid,2529,(no job title),,,blank title
Relevant - In CRM valid,1321,(profile page unavailable),Coventry University,,no signal
Relevant - In CRM valid,2722,Acting Team Leader Schools Of Business & Management,Queen Mary University Of London,,no signal
Relevant - In CRM valid,1341,Acting University Director,Danmarks Tekniske Universitet - DTU,,no signal
Relevant - In CRM valid,3487,Administrative Director,University of Fribourg,,no signal
Relevant - In CRM valid,1453,Administrative Executive Director,GFZ Helmholtz Centre for Geosciences,,no signal
Relevant - In CRM valid,1350,"Administrative Officer, AFRI",Danmarks Tekniske Universitet - DTU,,no signal
Relevant - In CRM valid,3370,Administrator,University of Sussex,,no signal
Relevant - In CRM valid,3666,"Administrator, Moross Integrated Cancer Center",Weizmann Institute of Science,,no signal
Relevant - In CRM valid,3633,Assistant Director,University of York,,no signal
Relevant - In CRM valid,1472,Assistant Director - Higher Education,Centrus,,no signal
Relevant - In CRM valid,3380,Associate Director,University of Sussex,,no signal
Relevant - In CRM valid,1661,Business Improvement & Compliance Manager,Historic Environment Scotland,,no signal
Relevant - In CRM valid,1474,Chair,Committee of University Chairs (CUC),,no signal
Relevant - In CRM valid,3118,Chief External Affairs Officer,UVA Health,,no signal
Relevant - In CRM valid,2881,Chief Growth Officer,Swansea University,,no signal
Relevant - In CRM valid,3126,Chief Medical Officer,UVA Health,,no signal
Relevant - In CRM valid,2572,Chief Nuclear Officer,National Nuclear Laboratory,,no signal
Relevant - In CRM valid,2728,Chief Operations Officer,Queen Mary University Of London,,no signal
Relevant - In CRM valid,2609,Chief Scientific Officer,National Oceanography Centre,,no signal
Relevant - In CRM valid,1154,Chief Scientist,BirdLife International,,no signal
Relevant - In CRM valid,2626,Chief Scientist & International Director,National Physical Laboratory,,no signal
Relevant - In CRM valid,3119,Chief Service Line & Ambulatory Operations Officer,UVA Health,,no signal
Relevant - In CRM valid,3116,"Chief Strategy Officer / Interim Chief, UVA Health Children's",UVA Health,,no signal
Relevant - In CRM valid,3433,Co Director Bristol Hub,University of Bristol,,no signal
Relevant - In CRM valid,3414,Co-Director CRES,"Birkbeck, University of London",,no signal
Relevant - In CRM valid,1297,Co-Director of Sigma,Coventry University,,no signal
Relevant - In CRM valid,3434,Co-director MRes,University of Bristol,,no signal
Relevant - In CRM valid,2893,Contracts Manager,Swansea University,,no signal
Relevant - In CRM valid,2898,Contracts Officer,Swansea University,,no signal
Relevant - In CRM valid,1720,Data Migration Specialist (Unit4 ERPx),Malaria Consortium (UK),,no signal
Relevant - In CRM valid,1735,Data Protection Manager,Malaria Consortium (UK),,no signal
Relevant - In CRM valid,2906,Data and Programmes Manager,Swansea University,,no signal
Relevant - In CRM valid,1037,Dept Dir Biz Development,Anglia Ruskin University,,no signal
Relevant - In CRM valid,2692,Deputy Dir Strategic Change,Oxford Brookes University,,no signal
Relevant - In CRM valid,1031,Deputy Dir Supply Chain,Anglia Ruskin University,,no signal
Relevant - In CRM valid,1463,Deputy Director,Universities Scotland,,no signal
Relevant - In CRM valid,2593,Deputy Director,National Oceanography Centre,,no signal
Relevant - In CRM valid,3088,Deputy Director NIHR,The University of Sheffield,,no signal
Relevant - In CRM valid,3092,Deputy Director Of Operations,The University of Sheffield,,no signal
Relevant - In CRM valid,3479,Deputy Director SRI,University of East London,,no signal
Relevant - In CRM valid,1383,Deputy Director Stephen Lawrence,De Montfort University,,no signal
Relevant - In CRM valid,1733,Deputy Director Strategic Evidence and Learning,Malaria Consortium (UK),,no signal
Relevant - In CRM valid,2635,Deputy Director and Director of Agronomy,Niab,,no signal
Relevant - In CRM valid,2592,Deputy Director of National Capability Science,National Oceanography Centre,,no signal
Relevant - In CRM valid,1555,Deputy Director of Policy,Universities UK,,no signal
Relevant - In CRM valid,3340,"Deputy Director, CECAN",University Of Surrey,,no signal
Relevant - In CRM valid,1668,"Deputy Head, Heritage Information and Business Service",Historic Environment Scotland,,no signal
Relevant - In CRM valid,2750,Deputy Principal & Vice-Principal,University of St Andrews,,no signal
Relevant - In CRM valid,3493,Deputy Secretary General & Head of Rectorate Secretariat,University of Fribourg,,no signal
Relevant - In CRM valid,1333,Design Manager,Coventry University,,no signal
Relevant - In CRM valid,1032,Dir Advanced Computing,Anglia Ruskin University,,no signal
Relevant - In CRM valid,1170,Director,British Antarctic Survey,,no signal
Relevant - In CRM valid,1466,Director,Arc Universities Group,,no signal
Relevant - In CRM valid,1476,Director,Curious Sky Ltd,,no signal
Relevant - In CRM valid,1489,Director,GrantsNow,,no signal
Relevant - In CRM valid,1504,Director,LUPC,,no signal
Relevant - In CRM valid,1517,Director,PwC,,no signal
Relevant - In CRM valid,1682,Director,International Institute for Environment and Development,,no signal
Relevant - In CRM valid,2658,Director,John Innes Centre,,no signal
Relevant - In CRM valid,2663,Director,Earlham Institute,,no signal
Relevant - In CRM valid,3071,Director,The University of Edinburgh,,no signal
Relevant - In CRM valid,1250,Director AI & Robotics,Cardiff University,,no signal
Relevant - In CRM valid,1244,Director ARCCA,Cardiff University,,no signal
Relevant - In CRM valid,1257,Director Biomedical Eng,"City St George's, University of London",,no signal
Relevant - In CRM valid,3029,Director Business Trans,The Open University,,no signal
Relevant - In CRM valid,2718,Director CCRCB,Queen's University Belfast,,no signal
Relevant - In CRM valid,1014,Director CIMTR,Anglia Ruskin University,,no signal
Relevant - In CRM valid,1018,Director CIMTR,Anglia Ruskin University,,no signal
Relevant - In CRM valid,1434,Director General,European Synchrotron Radiation Facility,,no signal
Relevant - In CRM valid,1251,Director HCRC,Cardiff University,,no signal
Relevant - In CRM valid,3457,Director IGTRF,University of Dundee,,no signal
Relevant - In CRM valid,1240,Director Infections Trials,Cardiff University,,no signal
Relevant - In CRM valid,3516,Director Int'l - School of Acc/Fin,University of Leicester,,no signal
Relevant - In CRM valid,3549,Director Laser Processing Lab,University of Manchester,,no signal
Relevant - In CRM valid,1242,Director Lung & Particle,Cardiff University,,no signal
Relevant - In CRM valid,1030,Director MTRC,Anglia Ruskin University,,no signal
Relevant - In CRM valid,2731,Director Of CREME,Queen Mary University Of London,,no signal
Relevant - In CRM valid,3079,Director Of ECRED,The University of Edinburgh,,no signal
Relevant - In CRM valid,3343,Director Of Surrey's ACE-CSR,University Of Surrey,,no signal
Relevant - In CRM valid,3604,"Director Of Teaching, Learning & Quality",University of Westminster,,no signal
Relevant - In CRM valid,1034,Director RCBL,Anglia Ruskin University,,no signal
Relevant - In CRM valid,1253,Director RIS,Cardiff University,,no signal
Relevant - In CRM valid,3385,Director SHORE-C,University of Sussex,,no signal
Relevant - In CRM valid,2545,Director for Centre for Evaluation,National Centre for Social Research,,no signal
Relevant - In CRM valid,2712,Director iREACH Health,Queen's University Belfast,,no signal
Relevant - In CRM valid,2588,Director of Applied Science,National Oceanography Centre,,no signal
Relevant - In CRM valid,2536,Director of Attitudinal Surveys and the NatCen Panel,National Centre for Social Research,,no signal
Relevant - In CRM valid,3482,Director of CMRB,University of East London,,no signal
Relevant - In CRM valid,2709,Director of Campus Services,Queen Margaret University,,no signal
Relevant - In CRM valid,3468,Director of Change,University of East London,,no signal
Relevant - In CRM valid,2637,Director of Commercialisation,Niab,,no signal
Relevant - In CRM valid,1578,Director of Communication & Engagement,University of Reading,,no signal
Relevant - In CRM valid,2531,Director of Data Services,National Centre for Social Research,,no signal
Relevant - In CRM valid,1644,Director of Engineering,HR Wallingford Group,,no signal
Relevant - In CRM valid,2605,Director of Engineering Science,National Oceanography Centre,,no signal
Relevant - In CRM valid,3565,Director of External Relations,University of Reading,,no signal
Relevant - In CRM valid,1734,Director of Global Operations Support & Asia / Director Global Operations Support and Asia,Malaria Consortium (UK),,no signal
Relevant - In CRM valid,2557,Director of Health Policy,National Centre for Social Research,,no signal
Relevant - In CRM valid,2549,Director of Health and Biomedical Surveys,National Centre for Social Research,,no signal
Relevant - In CRM valid,1657,"Director of Heritage (Survey & Recording, Heritage Information)",Historic Environment Scotland,,no signal
Relevant - In CRM valid,1532,Director of Higher Education Consultancy,Shakespeare Martineau,,no signal
Relevant - In CRM valid,1496,Director of Licensing,Jisc,,no signal
Relevant - In CRM valid,2551,Director of Longitudinal Surveys,National Centre for Social Research,,no signal
Relevant - In CRM valid,2601,Director of Marine Science,National Oceanography Centre,,no signal
Relevant - In CRM valid,2607,Director of Operations,National Oceanography Centre,,no signal
Relevant - In CRM valid,2945,Director of Operations,The Alan Turing Institute,,no signal
Relevant - In CRM valid,2943,Director of People,The Alan Turing Institute,,no signal
Relevant - In CRM valid,1562,Director of People & Culture,University of Bedfordshire,,no signal
Relevant - In CRM valid,3638,Director of People Services,University of the West of England,,no signal
Relevant - In CRM valid,2548,Director of People and Culture,National Centre for Social Research,,no signal
Relevant - In CRM valid,1171,Director of Polar Operations,British Antarctic Survey,,no signal
Relevant - In CRM valid,1490,Director of Policy,GuildHE,,no signal
Relevant - In CRM valid,3469,Director of Postgrad Office,University of East London,,no signal
Relevant - In CRM valid,1625,"Director of Program Development, Head of Front Office (DGGI)",Global Green Growth Institute,,no signal
Relevant - In CRM valid,2944,Director of Programme Management,The Alan Turing Institute,,no signal
Relevant - In CRM valid,2749,Director of Public Engagement; Chair of Public Understanding of the Humanities,School of Advanced Study (Univ of London),,no signal
Relevant - In CRM valid,3458,Director of RIS,University of Dundee,,no signal
Relevant - In CRM valid,2638,Director of Resource Management,Niab,,no signal
Relevant - In CRM valid,1584,Director of Strategic Transformation,University of Strathclyde,,no signal
Relevant - In CRM valid,1549,"Director of Strategy, Insight and Member Engagement",Universities UK,,no signal
Relevant - In CRM valid,3348,Director of Surrey and UK NIBC,University Of Surrey,,no signal
Relevant - In CRM valid,1499,Director of Transformation,Keele University,,no signal
Relevant - In CRM valid,1588,Director of Transformation and Improvement,University of the West of England,,no signal
Relevant - In CRM valid,2555,Director of the Centre for Social Survey Transformation,National Centre for Social Research,,no signal
Relevant - In CRM valid,1060,"Director – MEAL, Risk Management, Safeguarding",BRAC,,no signal
Relevant - In CRM valid,1438,"Director, Accelerator and Source Division",European Synchrotron Radiation Facility,,no signal
Relevant - In CRM valid,1427,"Director, Administration Division",European Synchrotron Radiation Facility,,no signal
Relevant - In CRM valid,2539,"Director, Centre for Children and Families",National Centre for Social Research,,no signal
Relevant - In CRM valid,1182,"Director, Data Policy & Practice",CABI,,no signal
Relevant - In CRM valid,1756,"Director, ORI Operations and Conflict of Interest Specialist",Marshall University,,no signal
Relevant - In CRM valid,1186,Director-General,CERN (European Organization for Nuclear Research),,no signal
Relevant - In CRM valid,3454,Director: iDTR,University of Central Lancashire,,no signal
Relevant - In CRM valid,1546,EA to Director of Policy,Universities UK,,no signal
Relevant - In CRM valid,1348,"EU Officer, AFRI",Danmarks Tekniske Universitet - DTU,,no signal
Relevant - In CRM valid,1425,European Projects Communication Officer,European Synchrotron Radiation Facility,,no signal
Relevant - In CRM valid,1552,Events Assistant,Universities UK,,no signal
Relevant - In CRM valid,3429,Executive Assistant,University of Birmingham,,no signal
Relevant - In CRM valid,1043,Executive Director,BRAC,,no signal
Relevant - In CRM valid,1066,Executive Director,BRAC,,no signal
Relevant - In CRM valid,1164,Executive Director,Birmingham City University,,no signal
Relevant - In CRM valid,1468,Executive Director,Association of Heads of University Administration (AHUA),,no signal
Relevant - In CRM valid,1471,Executive Director,BUFDG,,no signal
Relevant - In CRM valid,1596,Executive Director,Yorkshire Universities,,no signal
Relevant - In CRM valid,2577,Executive Director,National Nuclear Laboratory,,no signal
Relevant - In CRM valid,2664,Executive Director,The Sainsbury Laboratory,,no signal
Relevant - In CRM valid,3678,Executive Director (Management Strategies and Special Assignments),Yokohama National University,,no signal
Relevant - In CRM valid,1564,Executive Director of Strategic Planning and Transformation,University of Bristol,,no signal
Relevant - In CRM valid,1184,"Executive Director, Europe & The Americas",CABI,,no signal
Relevant - In CRM valid,2697,Executive Office Manager,Oxford Brookes University,,no signal
Relevant - In CRM valid,1688,Executive director,International Institute for Environment and Development,,no signal
Relevant - In CRM valid,1044,Foundations Officer,BRAC,,no signal
Relevant - In CRM valid,1177,"Global Director, Evidence and Policy; Director, Juno Evidence Alliance",CABI,,no signal
Relevant - In CRM valid,1151,"Global Director, Science, Policy and Information",BirdLife International,,no signal
Relevant - In CRM valid,1033,Global Ops Coordinator,Anglia Ruskin University,,no signal
Relevant - In CRM valid,1045,Government Relations and Policy Lead,BRAC,,no signal
Relevant - In CRM valid,1518,Government Restructuring and Education lead Partner,PwC,,no signal
Relevant - In CRM valid,3473,Graduate Project Manager,University of East London,,no signal
Relevant - In CRM valid,3432,HBRC General Manager,University of Birmingham,,no signal
Relevant - In CRM valid,3360,HRP Co-ordinator,University of Sussex,,no signal
Relevant - In CRM valid,3373,HRP Senior Officer,University of Sussex,,no signal
Relevant - In CRM valid,3033,Head New Learning Tech,The Open University,,no signal
Relevant - In CRM valid,3060,Head Of Business Analysis,The University of Edinburgh,,no signal
Relevant - In CRM valid,2610,Head Of Commercial Development,National Oceanography Centre,,no signal
Relevant - In CRM valid,1283,Head Of External Engagement,Coventry University,,no signal
Relevant - In CRM valid,3080,Head Of Genetics Core,The University of Edinburgh,,no signal
Relevant - In CRM valid,3061,Head Of Institute,The University of Edinburgh,,no signal
Relevant - In CRM valid,3090,"Head Of Operations, NIHR Sheffield",The University of Sheffield,,no signal
Relevant - In CRM valid,1649,Head of Application Services,Historic Environment Scotland,,no signal
Relevant - In CRM valid,3417,Head of Application Services (Interim),University College Birmingham,,no signal
Relevant - In CRM valid,2947,Head of Business Change,The Alan Turing Institute,,no signal
Relevant - In CRM valid,2688,Head of Cash Management,Nuffield Health,,no signal
Relevant - In CRM valid,3031,Head of Change Comms,The Open University,,no signal
Relevant - In CRM valid,2708,Head of Commercial Services,Queen Margaret University,,no signal
Relevant - In CRM valid,3019,Head of Development Operations,National Gallery,,no signal
Relevant - In CRM valid,2597,Head of Directorate Services,National Oceanography Centre,,no signal
Relevant - In CRM valid,1024,Head of Diversity,Anglia Ruskin University,,no signal
Relevant - In CRM valid,1203,Head of E-Business,CERN (European Organization for Nuclear Research),,no signal
Relevant - In CRM valid,1035,Head of Economics & Law,Anglia Ruskin University,,no signal
Relevant - In CRM valid,1469,Head of Education,Barclays,,no signal
Relevant - In CRM valid,3478,Head of Exec Operations,University of East London,,no signal
Relevant - In CRM valid,1193,Head of Experimental Physics Department,CERN (European Organization for Nuclear Research),,no signal
Relevant - In CRM valid,1462,Head of General and Technical Services,GFZ Helmholtz Centre for Geosciences,,no signal
Relevant - In CRM valid,1669,Head of Heritage Information & Business,Historic Environment Scotland,,no signal
Relevant - In CRM valid,3377,Head of JCRO,University of Sussex,,no signal
Relevant - In CRM valid,2642,Head of National Trials Operations,Niab,,no signal
Relevant - In CRM valid,1046,Head of Nordics / Trusts & Foundations Manager,BRAC,,no signal
Relevant - In CRM valid,1454,Head of Operational Management,GFZ Helmholtz Centre for Geosciences,,no signal
Relevant - In CRM valid,3507,Head of Operations,University of Kent,,no signal
Relevant - In CRM valid,3508,Head of Operations,University of Kent,,no signal
Relevant - In CRM valid,1498,Head of Partner Engagement,JS Group,,no signal
Relevant - In CRM valid,2535,Head of People Services,National Centre for Social Research,,no signal
Relevant - In CRM valid,1663,Head of Project Portfolio,Historic Environment Scotland,,no signal
Relevant - In CRM valid,3627,Head of Public Involvement,University of York,,no signal
Relevant - In CRM valid,2746,Head of Publishing,School of Advanced Study (Univ of London),,no signal
Relevant - In CRM valid,1495,Head of Relationship Management,Jisc,,no signal
Relevant - In CRM valid,3498,Head of Resources,University of Kent,,no signal
Relevant - In CRM valid,2987,Head of Scientific [Dept] / Head of Science,National Gallery,,no signal
Relevant - In CRM valid,1340,"Head of Secretariat, AFRI",Danmarks Tekniske Universitet - DTU,,no signal
Relevant - In CRM valid,1249,Head of Service Delivery,Cardiff University,,no signal
Relevant - In CRM valid,3420,Head of Service Management,University College Birmingham,,no signal
Relevant - In CRM valid,1519,Head of Strategic Planning,Queen Margaret University,,no signal
Relevant - In CRM valid,1506,Head of Strategic Projects,Manchester Metropolitan University,,no signal
Relevant - In CRM valid,3525,Head of Technical Operations,The University of Manchester,,no signal
Relevant - In CRM valid,1194,Head of Theoretical Physics Department,CERN (European Organization for Nuclear Research),,no signal
Relevant - In CRM valid,1523,Head of University Sector Insight,"Research England, UK Research Councils",,no signal
Relevant - In CRM valid,2532,Head of the Statistics Team,National Centre for Social Research,,no signal
Relevant - In CRM valid,1424,"Head, Instrumentation Services and Development Division (ISDD)",ESRF - The European Synchrotron,,no signal
Relevant - In CRM valid,2890,Hub Manager,Swansea University,,no signal
Relevant - In CRM valid,2891,Hub Manager,Swansea University,,no signal
Relevant - In CRM valid,2892,Hub Manager,Swansea University,,no signal
Relevant - In CRM valid,3353,IP & Commercialisation Manager,University of Sussex,,no signal
Relevant - In CRM valid,3366,IP Business Partner,University of Sussex,,no signal
Relevant - In CRM valid,3350,IP Co-ordinator,University of Sussex,,no signal
Relevant - In CRM valid,1751,IRB Coordinator and COI Coordinator,Marshall University,,no signal
Relevant - In CRM valid,2614,In-House Counsel,National Oceanography Centre,,no signal
Relevant - In CRM valid,3375,Information Co-ordinator,University of Sussex,,no signal
Relevant - In CRM valid,1238,Interim Director RIS,Cardiff University,,no signal
Relevant - In CRM valid,2946,Interim Head of FP&A,The Alan Turing Institute,,no signal
Relevant - In CRM valid,3376,JCRO Administrator,University of Sussex,,no signal
Relevant - In CRM valid,3449,Joint-Head Centre Cap,University of Bristol,,no signal
Relevant - In CRM valid,1322,KTP Associate,Coventry University,,no signal
Relevant - In CRM valid,1738,M&E Specialist,Malaria Consortium (UK),,no signal
Relevant - In CRM valid,1491,Manager,ICEN RISK,,no signal
Relevant - In CRM valid,3299,Manager of Administration and Special Projects,University Of Pittsburgh,,no signal
Relevant - In CRM valid,1047,Media Engagement Lead,BRAC,,no signal
Relevant - In CRM valid,1545,Member Engagement and Executive Assistant,Universities UK,,no signal
Relevant - In CRM valid,1486,Operating Partner,Global University Systems,,no signal
Relevant - In CRM valid,1488,Partner,Grant Thornton UK,,no signal
Relevant - In CRM valid,1502,Partner,KPMG,,no signal
Relevant - In CRM valid,1507,Partner,Mills & Reeve LLP,,no signal
Relevant - In CRM valid,1533,Partner,Shakespeare Martineau,,no signal
Relevant - In CRM valid,1599,Partner & Consulting Education Lead,PwC,,no signal
Relevant - In CRM valid,1531,Partner & Head of Education,Shakespeare Martineau,,no signal
Relevant - In CRM valid,1503,"Partner, Head of Education & Skills",KPMG,,no signal
Relevant - In CRM valid,1259,People & Fin Prog Dir,"City St George's, University of London",,no signal
Relevant - In CRM valid,1554,Policy Officer,Universities UK,,no signal
Relevant - In CRM valid,1482,Principal,Enfuse Group,,no signal
Relevant - In CRM valid,1601,Principal Associate (Competition Law),Mills & Reeve LLP,,no signal
Relevant - In CRM valid,1630,Principal Economist — Thought Leadership,Global Green Growth Institute,,no signal
Relevant - In CRM valid,1726,Programme Design and Development Manager,Malaria Consortium (UK),,no signal
Relevant - In CRM valid,1730,Programme Design and Development Manager,Malaria Consortium (UK),,no signal
Relevant - In CRM valid,3297,Project Manager,University Of Pittsburgh,,no signal
Relevant - In CRM valid,3173,Project Manager Senior,University Of Liverpool,,no signal
Relevant - In CRM valid,1516,Regulation Directorate - LLE Policy,Office for Students,,no signal
Relevant - In CRM valid,1493,Relationship Manager,Jisc,,no signal
Relevant - In CRM valid,1529,Salesforce Account Executive,Salesforce,,no signal
Relevant - In CRM valid,1528,Salesforce Solution Engineer,Salesforce,,no signal
Relevant - In CRM valid,1459,Scientific Executive Director,GFZ Helmholtz Centre for Geosciences,,no signal
Relevant - In CRM valid,3430,Secretary,University of Birmingham,,no signal
Relevant - In CRM valid,3485,Secretary General,University of Fribourg,,no signal
Relevant - In CRM valid,1196,"Section Leader, Development of EU Projects & Initiatives",CERN (European Organization for Nuclear Research),,no signal
Relevant - In CRM valid,1195,"Section Leader, EU Projects Office (SR-SE-EUI)",CERN (European Organization for Nuclear Research),,no signal
Relevant - In CRM valid,2558,Senior Change Project Manager,National Centre for Social Research,,no signal
Relevant - In CRM valid,3369,Senior Co-ordinator,University of Sussex,,no signal
Relevant - In CRM valid,2093,Senior Contract Manager,Yale University,,no signal
Relevant - In CRM valid,1861,"Senior Contract Manager, Office Of Sponsored Projects",Yale University,,no signal
Relevant - In CRM valid,2198,Senior Contracts Manager,Yale University,,no signal
Relevant - In CRM valid,2897,Senior Contracts Officer,Swansea University,,no signal
Relevant - In CRM valid,3016,Senior Data & Insight Manager,National Gallery,,no signal
Relevant - In CRM valid,2999,Senior Development Manager - Trusts and Foundations,National Gallery,,no signal
Relevant - In CRM valid,1527,"Senior Director, Education Strategy",Salesforce,,no signal
Relevant - In CRM valid,1551,Senior Events Manager,Universities UK,,no signal
Relevant - In CRM valid,1347,"Senior Executive Officer, AFRI",Danmarks Tekniske Universitet - DTU,,no signal
Relevant - In CRM valid,1365,"Senior Executive Officer, AFRI",Danmarks Tekniske Universitet - DTU,,no signal
Relevant - In CRM valid,2770,Senior Industrial Contracts Officer And People Manager,Stanford University,,no signal
Relevant - In CRM valid,2561,Senior Information Risk Officer,National Nuclear Laboratory,,no signal
Relevant - In CRM valid,1501,Senior Manager,KPMG,,no signal
Relevant - In CRM valid,1587,Senior Project Manager,University of the Built Environment,,no signal
Relevant - In CRM valid,1593,Senior Project Manager (Transformation and Efficiencies),Wrexham University,,no signal
Relevant - In CRM valid,3363,Senior Technical Manager,University of Sussex,,no signal
Relevant - In CRM valid,1337,Senior Technician,Coventry University,,no signal
Relevant - In CRM valid,3497,Strategic Change Lead,University of Kent,,no signal
Relevant - In CRM valid,1633,"TS Lead, Technical Services Unit",Global Green Growth Institute,,no signal
Relevant - In CRM valid,1354,"Team Leader / Senior Executive Officer, AFRI",Danmarks Tekniske Universitet - DTU,,no signal
Relevant - In CRM valid,1198,"Team Leader, EU Projects Preparation and Management Support",CERN (European Organization for Nuclear Research),,no signal
Relevant - In CRM valid,1148,Trusts & Foundations Manager,BirdLife International,,no signal
Relevant - In CRM valid,1590,University Governor,University of West London,,no signal
Relevant - In CRM valid,2940,VP Of Product Equivalent,The Alan Turing Institute,,no signal
Relevant - In CRM valid,2729,Vice-Principal (Education),Queen Mary University Of London,,no signal
Relevant - In CRM valid,2720,Vice-Principal (International),Queen Mary University Of London,,no signal
Relevant - In CRM valid,3492,"Vice-Rector: Course & Continuing Education, Campus Life & Equal Opportunities",University of Fribourg,,no signal
Relevant - In CRM valid,3489,Vice-Rector: Teaching & Quality Assurance,University of Fribourg,,no signal
Relevant - In CRM valid,2683,Workday Application Team Manager (HCM),Nuffield Health,,no signal
Relevant - In CRM valid,"4010, 4017",Aarti Rayrella,"Birkbeck, University of London / California Polytechnic State University-San Luis Obispo",,same LinkedIn profile at more than one institution - which is current?
Relevant - In CRM valid,"4007, 4014",Ada Yang,"Birkbeck, University of London / California Polytechnic State University",,same LinkedIn profile at more than one institution - which is current?
Relevant - In CRM valid,"4009, 4016",Adam Bayliss,Keele University / California Polytechnic State University,,same LinkedIn profile at more than one institution - which is current?
Relevant - In CRM valid,"4008, 4015",Adam Taylor,University of Bristol / California Polytechnic State University,,same LinkedIn profile at more than one institution - which is current?
Relevant - In CRM valid,"602, 4529",Amanda Pixton,University of East London / University of Manchester,,same LinkedIn profile at more than one institution - which is current?
Relevant - In CRM valid,"598, 3998",Amer Alwarea,University of the Arts London / University for the Creative Arts,,same LinkedIn profile at more than one institution - which is current?
Relevant - In CRM valid,"595, 4656, 4667",Andreas Fring,"City St George's, University of London / City University Of London / Stanford University",,same LinkedIn profile at more than one institution - which is current?
Relevant - In CRM valid,"548, 4654, 4665",Beth Lockhart,Heriot-Watt University / University of Strathclyde / Staffordshire University,,same LinkedIn profile at more than one institution - which is current?
Relevant - In CRM valid,"534, 4669",Catherine Jones,University Of Exeter / Stanford University,,same LinkedIn profile at more than one institution - which is current?
Relevant - In CRM valid,"4013, 4020",David Amigoni,Keele University / Canterbury Christ Church University,,same LinkedIn profile at more than one institution - which is current?
Relevant - In CRM valid,"396, 4575",Ian Dickens,University of Roehampton London / London Metropolitan University,,same LinkedIn profile at more than one institution - which is current?
Relevant - In CRM valid,"348, 4333",John Montgomery,"City St George's, University of London / City University Of London",,same LinkedIn profile at more than one institution - which is current?
Relevant - In CRM valid,"4012, 4019, 4657, 4668",Kevin Shakesheff,Keele University / Canterbury Christ Church University / The Open University / Stanford University,,same LinkedIn profile at more than one institution - which is current?
Relevant - In CRM valid,"4658, 4670",Kim Richardson,University of Salford / The Open University,,same LinkedIn profile at more than one institution - which is current?
Relevant - In CRM valid,"4011, 4018",Krysia Dziedzic,Keele University / Canterbury Christ Church University,,same LinkedIn profile at more than one institution - which is current?
Relevant - In CRM valid,"3830, 4655, 4666",Lee Allman,The University of Sheffield / Nottingham Trent University / Stanford University,,same LinkedIn profile at more than one institution - which is current?
Relevant - In CRM valid,"3824, 3825",Lisa Collins,University of Surrey / University of Essex,,same LinkedIn profile at more than one institution - which is current?
Relevant - In CRM valid,"246, 4392",Mark Cranmer,"City St George's, University of London / St George's University Of London",,same LinkedIn profile at more than one institution - which is current?
Relevant - In CRM valid,"3788, 3789",Nicola Davies,University of Liverpool / University of Manchester,,same LinkedIn profile at more than one institution - which is current?
Relevant - In CRM valid,"4653, 4664",Rim Daoudi,City St Georges University Of London / Solent University (Southampton),,same LinkedIn profile at more than one institution - which is current?
Relevant - In CRM valid,"3721, 3722",Sian Thomas,University of Sussex / Swansea University,,same LinkedIn profile at more than one institution - which is current?
Relevant - In CRM valid,"57, 4481",Stephanie Henry,Stanford University / University Of Chicago,,same LinkedIn profile at more than one institution - which is current?
Relevant - In CRM valid,"47, 4486",Steven Sutterby,Queen Mary University of London / Heriot-Watt University,,same LinkedIn profile at more than one institution - which is current?
Relevant - In CRM valid,"4640, 4651",Tammy Leimer,Texas A&M University / British Antarctic Survey,,same LinkedIn profile at more than one institution - which is current?
Relevant - In CRM valid,"4641, 4652",Thomas Van Gilder,Appalachian State University / St Mary's University,,same LinkedIn profile at more than one institution - which is current?
Relevant - In CRM valid,"4648, 4659",Will Townley,EMBL-EBI (European Bioinformatics Institute) / Anglia Ruskin University,,same LinkedIn profile at more than one institution - which is current?
Relevant - In CRM valid,"4649, 4660",Wilson Waldrop,Texas A&M University / Birmingham City University,,same LinkedIn profile at more than one institution - which is current?
Relevant - In CRM valid,"6, 4522",Zulfiqur Ali,University of Cumbria / TEESSIDE UNIVERSITY,,same LinkedIn profile at more than one institution - which is current?
Relevant - In CRM valid,"4650, 4661",Jo Harris,Appalachian State University / Solent University (Southampton),,same LinkedIn profile at more than one institution - which is current?
