post_id,Post link,post_text,hook,hook_len,created_date,day_of_week,week,is_midweek,Post type,format_inferred,Content Type,is_article,Impressions,Views,Clicks,Likes,Comments,Reposts,reactions_total,engagements_total,engagement_rate,ctr,amplification_rate,conversation_rate,char_count,word_count,line_breaks,hashtag_count,hashtag_list,has_link,mention_count,emoji_count,has_question,cta_type,theme,length_band
7353807081222631424,https://www.linkedin.com/feed/update/urn:li:activity:7353807081222631424,"We’ve partnered with NGI to transform K-12 grant management across the U.S. with a secure, end-to-end platform. Read more: https://lnkd.in/dCgybfEY

#GrantsNow #K12Education #GrantManagement #OracleCloud #EdTech #PublicSector","We’ve partnered with NGI to transform K-12 grant management across the U.S. with a secure, end-to-end platform. Read mor",120,2025-07-23,Wednesday,2025-07-21/2025-07-27,1,Organic,Image or text,,False,671,,18,26,2,3,31,49,0.07302533532041729,0.026825633383010434,0.004470938897168405,0.0029806259314456036,225,26,2,6,"GrantsNow, K12Education, GrantManagement, OracleCloud, EdTech, PublicSector",1,0,0,0,read,other,Short (25-60w)
7353893840178626561,https://www.linkedin.com/feed/update/urn:li:activity:7353893840178626561,Exciting times ahead as we expand into the US market with NGI partnership,Exciting times ahead as we expand into the US market with NGI partnership,73,2025-07-23,Wednesday,2025-07-21/2025-07-27,1,Organic,Image or text,,False,262,,7,8,0,0,8,15,0.05725190839694656,0.026717557251908396,0.0,0.0,73,13,0,0,,0,0,0,0,none,other,Very short (<25w)
7354133293874749442,https://www.linkedin.com/feed/update/urn:li:activity:7354133293874749442,"Announcement!!  GrantsNow Forms Strategic Partnership with @NGI  to Transform K–12 Grant Management in the U.S.

We are thrilled to announce this partnership,  focused on delivering a modern, end-to-end grant management platform tailored for K–12 school districts across the United States. 

Read more here on our partnerships page: https://lnkd.in/dCgybfEY

#GrantsNow #NGI #K12 #Grantsmanagement",Announcement!!  GrantsNow Forms Strategic Partnership with @NGI  to Transform K–12 Grant Management in the U.S.,111,2025-07-24,Thursday,2025-07-21/2025-07-27,1,Organic,Image or text,,False,311,,10,10,0,0,10,20,0.06430868167202572,0.03215434083601286,0.0,0.0,397,52,6,4,"GrantsNow, NGI, K12, Grantsmanagement",1,1,0,0,read,other,Short (25-60w)
7354507238436147201,https://www.linkedin.com/feed/update/urn:li:activity:7354507238436147201,"Just reminding you about the partnership between Fusion Practices and Unit4, which brought GrantsNow to life as a modern solution for managing the full pre-awards funding process. You can read more about it here: https://lnkd.in/dg6pjWF9","Just reminding you about the partnership between Fusion Practices and Unit4, which brought GrantsNow to life as a modern",120,2025-07-25,Friday,2025-07-21/2025-07-27,0,Organic,Image or text,,False,549,,39,19,0,0,19,58,0.10564663023679417,0.07103825136612021,0.0,0.0,237,35,0,0,,1,0,0,0,read,other,Short (25-60w)
7356665639140229120,https://www.linkedin.com/feed/update/urn:li:activity:7356665639140229120,"Just reminding you about the partnership between Fusion Practices and Unit4, which brought GrantsNow to life as a modern solution for managing the full pre-awards funding process. ","Just reminding you about the partnership between Fusion Practices and Unit4, which brought GrantsNow to life as a modern",120,2025-07-31,Thursday,2025-07-28/2025-08-03,1,Organic,Article,Article,True,529,174.0,22,14,1,0,15,37,0.06994328922495274,0.04158790170132325,0.0,0.001890359168241966,180,27,0,0,,0,0,0,0,none,other,Short (25-60w)
7360680910905589760,https://www.linkedin.com/feed/update/urn:li:activity:7360680910905589760,"Managing integrations, reports, and configurations in-house can drain valuable time and resources. With GrantsNow, you don’t have to. Our team of 250+ consultants ensures seamless integration and customisation, so you can focus on what truly matters.

#HigherEdTech #GrantsNow #GrantManagement #Automation #Efficiency #SeamlessIntegration","Managing integrations, reports, and configurations in-house can drain valuable time and resources. With GrantsNow, you d",120,2025-08-11,Monday,2025-08-11/2025-08-17,0,Organic,Image or text,,False,330,,3,9,0,0,9,12,0.03636363636363636,0.00909090909090909,0.0,0.0,338,42,2,6,"HigherEdTech, GrantsNow, GrantManagement, Automation, Efficiency, SeamlessIntegration",0,0,0,0,none,product_capability,Short (25-60w)
7364613079155777536,https://www.linkedin.com/feed/update/urn:li:activity:7364613079155777536,"Looking for a single cloud platform to manage BOTH Pre & Post Awards, including Ethics & Contracts? GrantsNow delivers it all—fully integrated, highly configurable, and built on modern Oracle Cloud technology!

Get in touch: https://lnkd.in/dU2Brsef 

#grantsnow #grantsmanagement #preawards #postwards #cloud #SaaS","Looking for a single cloud platform to manage BOTH Pre & Post Awards, including Ethics & Contracts? GrantsNow delivers i",120,2025-08-22,Friday,2025-08-18/2025-08-24,0,Organic,Image or text,,False,124,,4,3,0,0,3,7,0.056451612903225805,0.03225806451612903,0.0,0.0,315,41,4,6,"grantsnow, grantsmanagement, preawards, postwards, cloud, SaaS",1,0,0,1,contact,other,Short (25-60w)
7365765679645396992,https://www.linkedin.com/feed/update/urn:li:activity:7365765679645396992,"The wrong Pre-Awards platform means hidden costs, manual updates, delays, and a higher total cost of ownership. GrantsNow’s TRUE SaaS solution gives you full control, instant upgrades, and zero hidden fees. Read the blog to know how: https://lnkd.in/eqK3_-vN 

#grantsmanagement #armauk #grantsnow #preawards #research","The wrong Pre-Awards platform means hidden costs, manual updates, delays, and a higher total cost of ownership. GrantsNo",120,2025-08-25,Monday,2025-08-25/2025-08-31,0,Organic,Image or text,,False,104,,15,3,0,0,3,18,0.17307692307692307,0.14423076923076922,0.0,0.0,318,43,2,5,"grantsmanagement, armauk, grantsnow, preawards, research",1,0,0,0,read,pain_point,Short (25-60w)
7366061906937262080,https://www.linkedin.com/feed/update/urn:li:activity:7366061906937262080,"Searching for the next generation in pre-awards software? GrantsNow is here now, making pre and post-award administration faster, more automated and better integrated.

#GrantsNow #PreAwardSoftware #PostAwardManagement #ResearchGrants #HigherEdTech #UKUniversities #SmartFunding #FutureReady","Searching for the next generation in pre-awards software? GrantsNow is here now, making pre and post-award administratio",120,2025-08-26,Tuesday,2025-08-25/2025-08-31,1,Organic,Image or text,,False,120,,1,4,0,0,4,5,0.041666666666666664,0.008333333333333333,0.0,0.0,291,31,2,8,"GrantsNow, PreAwardSoftware, PostAwardManagement, ResearchGrants, HigherEdTech, UKUniversities, SmartFunding, FutureReady",0,0,0,1,none,product_capability,Short (25-60w)
7366424280894447618,https://www.linkedin.com/feed/update/urn:li:activity:7366424280894447618,"GrantsNow is empowering research teams to work smarter, not harder. Discover why UK institutions are opting for a platform designed for outcomes, not workarounds. Get in touch: https://lnkd.in/dU2Brsef

#GrantsNow #PreAwardSoftware #ResearchManagement #HigherEdTech #TrueSaaS #UKUniversities","GrantsNow is empowering research teams to work smarter, not harder. Discover why UK institutions are opting for a platfo",120,2025-08-27,Wednesday,2025-08-25/2025-08-31,1,Organic,Image or text,,False,110,,2,4,0,0,4,6,0.05454545454545454,0.01818181818181818,0.0,0.0,291,34,2,6,"GrantsNow, PreAwardSoftware, ResearchManagement, HigherEdTech, TrueSaaS, UKUniversities",1,0,0,0,contact,thought_leadership,Short (25-60w)
7366726259323609088,https://www.linkedin.com/feed/update/urn:li:activity:7366726259323609088,"Unlock more opportunities for grants income without needing extra budget! With GrantsNow, you have multiple tools at your disposal to streamline Pre-Awards, enhance team performance, and get your organisation the funding it deserves.","Unlock more opportunities for grants income without needing extra budget! With GrantsNow, you have multiple tools at you",120,2025-08-28,Thursday,2025-08-25/2025-08-31,1,Organic,Image or text,,False,265,,6,10,0,0,10,16,0.06037735849056604,0.022641509433962263,0.0,0.0,233,33,0,0,,0,0,0,0,none,other,Short (25-60w)
7368175810119172097,https://www.linkedin.com/feed/update/urn:li:activity:7368175810119172097,"Been told there's only one option for Pre-Awards software?

Think again. GrantsNow offers a fully configurable, end-to-end Pre-Awards management platform with seamless ERP integration, intelligent dashboards, automated workflows, and compliance-ready reporting—all on a TRUE SaaS platform.

Take a look for yourself https://lnkd.in/dU2Brsef 

#grantsmanagement #grantsnow #preawards #erp #integration",Been told there's only one option for Pre-Awards software?,58,2025-09-01,Monday,2025-09-01/2025-09-07,0,Organic,Image or text,,False,95,,2,5,0,0,5,7,0.07368421052631578,0.021052631578947368,0.0,0.0,400,47,6,5,"grantsmanagement, grantsnow, preawards, erp, integration",1,0,0,1,none,product_capability,Short (25-60w)
7369015835589357568,https://www.linkedin.com/feed/update/urn:li:activity:7369015835589357568,"Imagine freeing up 35% of your team's time to work on only the most important tasks — that’s what GrantsNow can do by automating manual, repetitive tasks that bog down the grant submission process.

With more time available, your team can increase the number of funding applications they submit by over a third, leading to significantly more grant approvals and funding. More submissions mean more opportunities for research growth, and GrantsNow makes it happen efficiently.

#GrantsNow #TimeSavings #MoreSubmissions #grantsmanagement #educationtrends",Imagine freeing up 35% of your team's time to work on only the most important tasks — that’s what GrantsNow can do by au,120,2025-09-03,Wednesday,2025-09-01/2025-09-07,1,Organic,Image or text,,False,111,,0,4,0,0,4,4,0.036036036036036036,0.0,0.0,0.0,552,80,4,5,"GrantsNow, TimeSavings, MoreSubmissions, grantsmanagement, educationtrends",0,0,0,0,none,product_capability,Medium (60-120w)
7369323383039246336,https://www.linkedin.com/feed/update/urn:li:activity:7369323383039246336,"Stuck with outdated Pre-Awards technology that can't keep up with your institution's needs? GrantsNow offers a modern, highly configurable cloud solution built to adapt to rapid changes seamlessly.

Get in touch: https://lnkd.in/dU2Brsef 

#grantsnow #grantsmanagement #armauk #preawards","Stuck with outdated Pre-Awards technology that can't keep up with your institution's needs? GrantsNow offers a modern, h",120,2025-09-04,Thursday,2025-09-01/2025-09-07,1,Organic,Image or text,,False,148,,7,5,0,0,5,12,0.08108108108108109,0.0472972972972973,0.0,0.0,287,36,4,4,"grantsnow, grantsmanagement, armauk, preawards",1,0,0,1,contact,other,Short (25-60w)
7369710563532111874,https://www.linkedin.com/feed/update/urn:li:activity:7369710563532111874,"GrantsNow and Oracle have entered a strategic partnership to deliver a fully integrated Pre & Post Awards solution for research and higher education.
",GrantsNow and Oracle have entered a strategic partnership to deliver a fully integrated Pre & Post Awards solution for r,120,2025-09-05,Friday,2025-09-01/2025-09-07,0,Organic,Article,Article,True,202,218.0,17,8,1,1,10,27,0.13366336633663367,0.08415841584158416,0.0049504950495049506,0.0049504950495049506,150,23,1,0,,0,0,0,0,none,thought_leadership,Very short (<25w)
7369715983487356928,https://www.linkedin.com/feed/update/urn:li:activity:7369715983487356928,"GrantsNow, (A SaaS innovation for Grants management) are proud to sponsor Morley Youth U14 Stallions FC for their upcoming season. As part of our CSR policy, we are committed to supporting local initiatives that make a real impact, and our values strongly align with those of the club. Morley Youth FC fosters a positive, inclusive environment where young players can develop their skills, build confidence, and embrace being part of a team. We're excited to be part of their journey and look forward to seeing the team go from strength to strength!

#GrantsNow #MorleyYouthFC #Sponsors","GrantsNow, (A SaaS innovation for Grants management) are proud to sponsor Morley Youth U14 Stallions FC for their upcomi",120,2025-09-05,Friday,2025-09-01/2025-09-07,0,Organic,Image or text,,False,433,,25,20,0,1,21,46,0.10623556581986143,0.057736720554272515,0.0023094688221709007,0.0,586,95,2,3,"GrantsNow, MorleyYouthFC, Sponsors",0,0,0,0,none,other,Medium (60-120w)
7370854650696200192,https://www.linkedin.com/feed/update/urn:li:activity:7370854650696200192,"GrantsNow and Oracle have entered a strategic partnership to deliver a fully integrated Pre & Post Awards solution for research and higher education, now available on Oracle Marketplace. Read more: https://lnkd.in/djB-zNZq
 
#GrantsNow #Oracle #OracleCloud",GrantsNow and Oracle have entered a strategic partnership to deliver a fully integrated Pre & Post Awards solution for r,120,2025-09-08,Monday,2025-09-08/2025-09-14,0,Organic,Image or text,,False,165,,3,6,0,0,6,9,0.05454545454545454,0.01818181818181818,0.0,0.0,256,34,2,3,"GrantsNow, Oracle, OracleCloud",1,0,0,0,read,thought_leadership,Short (25-60w)
7371860130252103680,https://www.linkedin.com/feed/update/urn:li:activity:7371860130252103680,"Remove repetitive tasks and make every resource count. GrantsNow helps your team work faster, smarter, and more efficiently. Get in touch: https://lnkd.in/dU2Brsef

#GrantsNow #UnlockPotential #GrantsFunding #PreAwards","Remove repetitive tasks and make every resource count. GrantsNow helps your team work faster, smarter, and more efficien",120,2025-09-11,Thursday,2025-09-08/2025-09-14,1,Organic,Image or text,,False,130,,2,3,0,0,3,5,0.038461538461538464,0.015384615384615385,0.0,0.0,218,26,2,4,"GrantsNow, UnlockPotential, GrantsFunding, PreAwards",1,0,0,0,contact,other,Short (25-60w)
7372258449260302336,https://www.linkedin.com/feed/update/urn:li:activity:7372258449260302336,"Integration shouldn’t be an afterthought!

Many universities face unexpected challenges when connecting their Pre-Awards and ERP systems—no budget, no internal resources, just a complex headache.

GrantsNow eliminates this burden by managing all integrations seamlessly, so you can focus on securing more funding, not fixing IT issues. Want to know how? Connect with us: https://lnkd.in/dU2Brsef 

#grantsnow #preawards #research #tech #armauk #ERP #grantsmanagement",Integration shouldn’t be an afterthought!,41,2025-09-12,Friday,2025-09-08/2025-09-14,0,Organic,Image or text,,False,162,,2,3,0,0,3,5,0.030864197530864196,0.012345679012345678,0.0,0.0,466,61,6,7,"grantsnow, preawards, research, tech, armauk, ERP, grantsmanagement",1,0,0,1,none,thought_leadership,Medium (60-120w)
7378411438924541952,https://www.linkedin.com/feed/update/urn:li:activity:7378411438924541952,"With a team of 250+ consultants, we deliver new functionality in under 6 months, helping you stay ahead with the latest innovations quickly and efficiently.

Get in touch: https://lnkd.in/dU2Brsef

#GrantsNow #Innovation #ResearchFunding #GrantManagement #TechDriven #Efficiency #SeamlessIntegration #SmartSolutions #FundingSuccess #ARMAUK","With a team of 250+ consultants, we deliver new functionality in under 6 months, helping you stay ahead with the latest ",120,2025-09-29,Monday,2025-09-29/2025-10-05,0,Organic,Image or text,,False,182,,2,7,0,0,7,9,0.04945054945054945,0.01098901098901099,0.0,0.0,339,39,4,10,"GrantsNow, Innovation, ResearchFunding, GrantManagement, TechDriven, Efficiency, SeamlessIntegration, SmartSolutions, FundingSuccess, ARMAUK",1,0,0,0,contact,other,Short (25-60w)
7380945442945155072,https://www.linkedin.com/feed/update/urn:li:activity:7380945442945155072,"We know the options for Pre- and Post-Awards Management software are limited, especially when most are built on technology that’s nearly a decade old. GrantsNow is different. As a true SaaS solution, it comes with modern, pre-built integrations for ERP, Finance, and HR systems, bringing unmatched efficiency and innovation.

Get in touch: https://lnkd.in/dU2Brsef 

#grantsnow #grantsmanagement #preawards #postawards #SaaS","We know the options for Pre- and Post-Awards Management software are limited, especially when most are built on technolo",120,2025-10-06,Monday,2025-10-06/2025-10-12,0,Organic,Image or text,,False,189,,2,13,0,0,13,15,0.07936507936507936,0.010582010582010581,0.0,0.0,424,58,4,5,"grantsnow, grantsmanagement, preawards, postawards, SaaS",1,0,0,0,contact,other,Short (25-60w)
7380985954812977152,https://www.linkedin.com/feed/update/urn:li:activity:7380985954812977152,"How much time is your research development team losing by manually entering funding call information into your Pre-Awards platform? GrantsNow auto-populates funding calls and leverages AI to cut down search time.

Experience GrantsNow: https://lnkd.in/dU2Brsef

#grantsnow #preawards #grantsmanagement #armauk",How much time is your research development team losing by manually entering funding call information into your Pre-Award,120,2025-10-06,Monday,2025-10-06/2025-10-12,0,Organic,Image or text,,False,152,,3,5,0,0,5,8,0.05263157894736842,0.019736842105263157,0.0,0.0,309,38,4,4,"grantsnow, preawards, grantsmanagement, armauk",1,0,0,1,none,product_capability,Short (25-60w)
7381282192146051072,https://www.linkedin.com/feed/update/urn:li:activity:7381282192146051072,"Looking for a single cloud platform to manage both Pre- and Post-Awards, including Ethics and Contracts? GrantsNow delivers it all, fully integrated, highly configurable, and powered by modern Oracle Cloud technology.

Get in touch: https://lnkd.in/dU2Brsef

#grantsnow #grantsmanagement #preawards #postawards #cloud #SaaS","Looking for a single cloud platform to manage both Pre- and Post-Awards, including Ethics and Contracts? GrantsNow deliv",120,2025-10-07,Tuesday,2025-10-06/2025-10-12,1,Organic,Image or text,,False,174,,4,7,0,0,7,11,0.06321839080459771,0.022988505747126436,0.0,0.0,323,41,4,6,"grantsnow, grantsmanagement, preawards, postawards, cloud, SaaS",1,0,0,1,contact,other,Short (25-60w)
7381674779205869568,https://www.linkedin.com/feed/update/urn:li:activity:7381674779205869568,"Unlock smarter decision-making with GrantsNow. Gain deeper insights, automate data capture, and enable advanced reporting across your Pre-Awards process, all in one modern platform.

Experience GrantsNow: https://lnkd.in/dU2Brsef

#grantsnow #preawards #grantsmanagement #researchfunding","Unlock smarter decision-making with GrantsNow. Gain deeper insights, automate data capture, and enable advanced reportin",120,2025-10-08,Wednesday,2025-10-06/2025-10-12,1,Organic,Image or text,,False,174,,1,5,0,0,5,6,0.034482758620689655,0.005747126436781609,0.0,0.0,287,31,4,4,"grantsnow, preawards, grantsmanagement, researchfunding",1,0,0,0,none,product_capability,Short (25-60w)
7382038273923305472,https://www.linkedin.com/feed/update/urn:li:activity:7382038273923305472,"Arribatec Group and GrantsNow have partnered to transform research funding management for Unit4 customers in the UK.

The partnership brings together Arribatec’s deep ERP expertise and GrantsNow’s modern, AI-enabled Pre and Post-Awards platform to deliver a fully integrated solution for universities and research institutions.

Together, they’re helping research offices streamline workflows, ensure compliance, and gain complete visibility across the funding lifecycle.

#GrantsNow #Arribatec #Unit4 #GrantsManagement #ResearchFunding #HigherEducation #Innovation",Arribatec Group and GrantsNow have partnered to transform research funding management for Unit4 customers in the UK.,116,2025-10-09,Thursday,2025-10-06/2025-10-12,1,Organic,Image or text,,False,1390,,42,32,1,3,36,78,0.05611510791366906,0.030215827338129497,0.002158273381294964,0.0007194244604316547,565,68,6,7,"GrantsNow, Arribatec, Unit4, GrantsManagement, ResearchFunding, HigherEducation, Innovation",0,0,0,0,none,product_capability,Medium (60-120w)
7383460252458844161,https://www.linkedin.com/feed/update/urn:li:activity:7383460252458844161,"Looking for a complete Pre-Awards solution? GrantsNow delivers AI-powered funding discovery, seamless ERP integration, and true SaaS scalability built on Oracle Cloud.
Discover how it transforms research funding management: https://lnkd.in/dU2Brsef

#GrantsNow #PreAwards #Grants #Funding #YourSearchEndsHere","Looking for a complete Pre-Awards solution? GrantsNow delivers AI-powered funding discovery, seamless ERP integration, a",120,2025-10-13,Monday,2025-10-13/2025-10-19,0,Organic,Image or text,,False,214,,64,6,0,0,6,70,0.32710280373831774,0.29906542056074764,0.0,0.0,308,35,3,5,"GrantsNow, PreAwards, Grants, Funding, YourSearchEndsHere",1,0,0,1,learn_more,product_capability,Short (25-60w)
7383835973505138689,https://www.linkedin.com/feed/update/urn:li:activity:7383835973505138689,,,0,2025-10-14,Tuesday,2025-10-13/2025-10-19,1,Organic,Article,Article,True,181,166.0,4,5,0,0,5,9,0.049723756906077346,0.022099447513812154,0.0,0.0,0,0,0,0,,0,0,0,0,none,other,Very short (<25w)
7387095402111569922,https://www.linkedin.com/feed/update/urn:li:activity:7387095402111569922,"Want to protect your reputation through ethical governance in research funding? We can help you stay compliant and manage grants ethically.

Discover how GrantsNow makes it simple: https://lnkd.in/dU2Brsef

#GrantsNow #GrantsManagement #ResearchFunding #PreAwards #PostAwards #EthicalGovernance #Compliance #HigherEducation #ResearchIntegrity #FundingSuccess",Want to protect your reputation through ethical governance in research funding? We can help you stay compliant and manag,120,2025-10-23,Thursday,2025-10-20/2025-10-26,1,Organic,Image or text,,False,128,,0,4,0,0,4,4,0.03125,0.0,0.0,0.0,358,38,4,10,"GrantsNow, GrantsManagement, ResearchFunding, PreAwards, PostAwards, EthicalGovernance, Compliance, HigherEducation, ResearchIntegrity, FundingSuccess",1,0,0,1,learn_more,thought_leadership,Short (25-60w)
7391444159447998464,https://www.linkedin.com/feed/update/urn:li:activity:7391444159447998464,"With GrantsNow, you can assign responsibilities, control access, and ensure data security within a fully configurable and user-friendly platform built for research offices.

Learn more: https://lnkd.in/dU2Brsef 

#GrantsNow #GrantsManagement #PreAwards #ResearchFunding #DataSecurity #Compliance #HigherEducation","With GrantsNow, you can assign responsibilities, control access, and ensure data security within a fully configurable an",120,2025-11-04,Tuesday,2025-11-03/2025-11-09,1,Organic,Image or text,,False,95,,2,3,0,0,3,5,0.05263157894736842,0.021052631578947368,0.0,0.0,312,33,4,7,"GrantsNow, GrantsManagement, PreAwards, ResearchFunding, DataSecurity, Compliance, HigherEducation",1,0,0,0,learn_more,thought_leadership,Short (25-60w)
7391836752694652930,https://www.linkedin.com/feed/update/urn:li:activity:7391836752694652930,"GrantsNow empowers research offices to identify the right opportunities faster, streamline submissions, and increase funding success through automation and smart integrations. Find out how: https://lnkd.in/dU2Brsef 

#GrantsNow #ResearchFunding #GrantsManagement #PreAwards #HigherEducation #FundingSuccess #ResearchInnovation","GrantsNow empowers research offices to identify the right opportunities faster, streamline submissions, and increase fun",120,2025-11-05,Wednesday,2025-11-03/2025-11-09,1,Organic,Image or text,,False,124,,4,4,0,0,4,8,0.06451612903225806,0.03225806451612903,0.0,0.0,326,32,2,7,"GrantsNow, ResearchFunding, GrantsManagement, PreAwards, HigherEducation, FundingSuccess, ResearchInnovation",1,0,0,0,learn_more,product_capability,Short (25-60w)
7392538681380737024,https://www.linkedin.com/feed/update/urn:li:activity:7392538681380737024,"Frustrated with complex pricing and approval workflows? GrantsNow simplifies your Pre-Awards process so you can focus on securing more research funding.

#GrantsNow #PreAwards #ResearchFunding #GrantsManagement #HigherEducation",Frustrated with complex pricing and approval workflows? GrantsNow simplifies your Pre-Awards process so you can focus on,120,2025-11-07,Friday,2025-11-03/2025-11-09,0,Organic,Image or text,,False,113,,2,5,0,0,5,7,0.061946902654867256,0.017699115044247787,0.0,0.0,227,26,2,5,"GrantsNow, PreAwards, ResearchFunding, GrantsManagement, HigherEducation",0,0,0,1,none,thought_leadership,Short (25-60w)
7393633748526891008,https://www.linkedin.com/feed/update/urn:li:activity:7393633748526891008,"Access real-time cost comparisons with GrantsNow to make faster, more accurate funding decisions. Get in touch: https://lnkd.in/dU2Brsef

#GrantsNow #GrantsManagement #PreAwards #ResearchFunding #HigherEducation","Access real-time cost comparisons with GrantsNow to make faster, more accurate funding decisions. Get in touch: https://",120,2025-11-10,Monday,2025-11-10/2025-11-16,0,Organic,Image or text,,False,96,,2,2,0,0,2,4,0.041666666666666664,0.020833333333333332,0.0,0.0,211,22,2,5,"GrantsNow, GrantsManagement, PreAwards, ResearchFunding, HigherEducation",1,0,0,0,contact,other,Very short (<25w)
7394736819155881984,https://www.linkedin.com/feed/update/urn:li:activity:7394736819155881984,"Universities are uncovering significantly more funding opportunities by using a single platform that brings searchable global grant databases, custom alerts, and automation together. Want to find out how they’re doing it?

#GrantsNow #GrantsManagement #ResearchFunding #PreAwards #HigherEducation #FundingOpportunities",Universities are uncovering significantly more funding opportunities by using a single platform that brings searchable g,120,2025-11-13,Thursday,2025-11-10/2025-11-16,1,Organic,Image or text,,False,92,,1,6,0,0,6,7,0.07608695652173914,0.010869565217391304,0.0,0.0,318,37,2,6,"GrantsNow, GrantsManagement, ResearchFunding, PreAwards, HigherEducation, FundingOpportunities",0,0,0,1,learn_more,product_capability,Short (25-60w)
7395103993670107137,https://www.linkedin.com/feed/update/urn:li:activity:7395103993670107137,"Most Pre-Awards systems run on outdated tech. GrantsNow is the only UK solution built on state-of-the-art SaaS Cloud, giving universities a faster and more future-ready platform for research funding.

#GrantsNow #GrantsManagement #PreAwards #ResearchFunding #SaaS #HigherEducation #OracleCloud","Most Pre-Awards systems run on outdated tech. GrantsNow is the only UK solution built on state-of-the-art SaaS Cloud, gi",120,2025-11-14,Friday,2025-11-10/2025-11-16,0,Organic,Image or text,,False,129,,0,6,0,0,6,6,0.046511627906976744,0.0,0.0,0.0,293,36,2,7,"GrantsNow, GrantsManagement, PreAwards, ResearchFunding, SaaS, HigherEducation, OracleCloud",0,0,0,0,none,thought_leadership,Short (25-60w)
7396529450240192512,https://www.linkedin.com/feed/update/urn:li:activity:7396529450240192512,"Budgets are tight and research teams need tools that deliver real value. GrantsNow gives universities an affordable way to manage Pre-Awards work without the complexity. If you are looking for a smarter, budget friendly option, we can help.

#GrantsNow #ResearchFunding #HigherEducation #PreAwards #GrantsManagement #UniversityResearch",Budgets are tight and research teams need tools that deliver real value. GrantsNow gives universities an affordable way ,120,2025-11-18,Tuesday,2025-11-17/2025-11-23,1,Organic,Image or text,,False,103,,4,4,0,0,4,8,0.07766990291262135,0.038834951456310676,0.0,0.0,335,44,2,6,"GrantsNow, ResearchFunding, HigherEducation, PreAwards, GrantsManagement, UniversityResearch",0,0,0,0,none,thought_leadership,Short (25-60w)
7397273530310115328,https://www.linkedin.com/feed/update/urn:li:activity:7397273530310115328,"ERP integrations should not take 18 months. GrantsNow delivers faster, seamless connectivity so your team can focus on winning more funding, not waiting on integrations.

#GrantsNow #PreAwards #ERPIntegration #ResearchFunding #HigherEducation","ERP integrations should not take 18 months. GrantsNow delivers faster, seamless connectivity so your team can focus on w",120,2025-11-20,Thursday,2025-11-17/2025-11-23,1,Organic,Image or text,,False,135,,7,8,0,0,8,15,0.1111111111111111,0.05185185185185185,0.0,0.0,242,30,2,5,"GrantsNow, PreAwards, ERPIntegration, ResearchFunding, HigherEducation",0,0,0,0,none,community_celebration,Short (25-60w)
7398695652911915008,https://www.linkedin.com/feed/update/urn:li:activity:7398695652911915008,"Make your Pre Awards system work your way. With GrantsNow, you can quickly configure forms, fields, hierarchies and approval workflows without waiting on developers.

#ResearchFunding #PreAwards #ResearchManagement #GrantsNow","Make your Pre Awards system work your way. With GrantsNow, you can quickly configure forms, fields, hierarchies and appr",120,2025-11-24,Monday,2025-11-24/2025-11-30,0,Organic,Image or text,,False,119,,3,9,0,0,9,12,0.10084033613445378,0.025210084033613446,0.0,0.0,225,28,2,4,"ResearchFunding, PreAwards, ResearchManagement, GrantsNow",0,0,0,0,none,other,Short (25-60w)
7399446897091911680,https://www.linkedin.com/feed/update/urn:li:activity:7399446897091911680,"Research teams deserve tools that remove complexity, not add to it. GrantsNow streamlines key Pre and Post Award tasks so your staff can focus more on delivering impactful research, not admin.

#ResearchFunding #PreAwards #PostAwards #ResearchManagement #GrantsNow","Research teams deserve tools that remove complexity, not add to it. GrantsNow streamlines key Pre and Post Award tasks s",120,2025-11-26,Wednesday,2025-11-24/2025-11-30,1,Organic,Image or text,,False,125,,0,5,0,0,5,5,0.04,0.0,0.0,0.0,264,36,2,5,"ResearchFunding, PreAwards, PostAwards, ResearchManagement, GrantsNow",0,0,0,0,none,thought_leadership,Short (25-60w)
7400182916913422337,https://www.linkedin.com/feed/update/urn:li:activity:7400182916913422337,"Research teams are looking for tools that reduce workload, cut costs, and simplify Pre-Awards processes. Universities are now exploring modern, configurable platforms that deliver faster integrations, real-time insights, and better value.

#GrantsNow #ResearchFunding #PreAwards #HigherEducation #UniversityResearch #SaaS","Research teams are looking for tools that reduce workload, cut costs, and simplify Pre-Awards processes. Universities ar",120,2025-11-28,Friday,2025-11-24/2025-11-30,0,Organic,Image or text,,False,180,,57,5,0,0,5,62,0.34444444444444444,0.31666666666666665,0.0,0.0,321,37,2,6,"GrantsNow, ResearchFunding, PreAwards, HigherEducation, UniversityResearch, SaaS",0,0,0,0,none,thought_leadership,Short (25-60w)
7402361080334733313,https://www.linkedin.com/feed/update/urn:li:activity:7402361080334733313,"💡 Many schools miss out on valuable grants, not because they’re not eligible, but because they don’t have the tools or time to find and manage them.

With GrantsNow, your team can:
🔹 Easily discover local, regional, and federal funding opportunities
🔹 Collaborate in one place with clear workflows
🔹 Track deadlines and submissions with ease

#EducationGrants #K12Solutions #FundingSuccess #EdLeaders","💡 Many schools miss out on valuable grants, not because they’re not eligible, but because they don’t have the tools or t",120,2025-12-04,Thursday,2025-12-01/2025-12-07,1,Organic,Image or text,,False,189,,8,7,1,1,9,17,0.08994708994708994,0.042328042328042326,0.005291005291005291,0.005291005291005291,400,60,7,4,"EducationGrants, K12Solutions, FundingSuccess, EdLeaders",0,0,4,0,none,other,Short (25-60w)
7403757773408292864,https://www.linkedin.com/feed/update/urn:li:activity:7403757773408292864,"Searching for the next generation in pre-awards software? GrantsNow is here, making pre and post-award administration faster, automated and easily integrated.

#GrantsNow #PreAwardSoftware #PostAwardManagement #ResearchGrants #HigherEdTech #UKUniversities #SmartFunding #FutureReady","Searching for the next generation in pre-awards software? GrantsNow is here, making pre and post-award administration fa",120,2025-12-08,Monday,2025-12-08/2025-12-14,0,Organic,Image or text,,False,91,,5,4,1,0,5,10,0.10989010989010989,0.054945054945054944,0.0,0.01098901098901099,282,29,2,8,"GrantsNow, PreAwardSoftware, PostAwardManagement, ResearchGrants, HigherEdTech, UKUniversities, SmartFunding, FutureReady",0,0,0,1,none,product_capability,Short (25-60w)
7404120152759455745,https://www.linkedin.com/feed/update/urn:li:activity:7404120152759455745,"GrantsNow is empowering research teams to work smarter, not harder. Discover why UK institutions are opting for a platform designed for outcomes, not workarounds. Get in touch: https://lnkd.in/dU2Brsef

#GrantsNow #PreAwardSoftware #ResearchManagement #HigherEdTech #TrueSaaS #UKUniversities","GrantsNow is empowering research teams to work smarter, not harder. Discover why UK institutions are opting for a platfo",120,2025-12-09,Tuesday,2025-12-08/2025-12-14,1,Organic,Image or text,,False,86,,3,5,0,0,5,8,0.09302325581395349,0.03488372093023256,0.0,0.0,291,34,2,6,"GrantsNow, PreAwardSoftware, ResearchManagement, HigherEdTech, TrueSaaS, UKUniversities",1,0,0,0,contact,thought_leadership,Short (25-60w)
7404490840879869953,https://www.linkedin.com/feed/update/urn:li:activity:7404490840879869953,"Looking for a single cloud platform to manage BOTH Pre & Post Awards, including Ethics & Contracts? GrantsNow delivers it all—fully integrated, highly configurable, and built on modern Oracle Cloud technology!

Get in touch: https://lnkd.in/dU2Brsef 

#grantsnow #grantsmanagement #preawards #postwards #cloud #SaaS","Looking for a single cloud platform to manage BOTH Pre & Post Awards, including Ethics & Contracts? GrantsNow delivers i",120,2025-12-10,Wednesday,2025-12-08/2025-12-14,1,Organic,Image or text,,False,74,,1,5,0,0,5,6,0.08108108108108109,0.013513513513513514,0.0,0.0,315,41,4,6,"grantsnow, grantsmanagement, preawards, postwards, cloud, SaaS",1,0,0,1,contact,other,Short (25-60w)
7404844937848037376,https://www.linkedin.com/feed/update/urn:li:activity:7404844937848037376,"Imagine freeing up 35% of your team's time to work on only the most important tasks — that’s what GrantsNow can do by automating manual, repetitive tasks that bog down the grant submission process.

With more time available, your team can increase the number of funding applications they submit by over a third, leading to significantly more grant approvals and funding. More submissions mean more opportunities for research growth, and GrantsNow makes it happen efficiently.

#GrantsNow #TimeSavings #MoreSubmissions #grantsmanagement #educationtrends",Imagine freeing up 35% of your team's time to work on only the most important tasks — that’s what GrantsNow can do by au,120,2025-12-11,Thursday,2025-12-08/2025-12-14,1,Organic,Image or text,,False,346,,14,13,0,1,14,28,0.08092485549132948,0.04046242774566474,0.002890173410404624,0.0,552,80,4,5,"GrantsNow, TimeSavings, MoreSubmissions, grantsmanagement, educationtrends",0,0,0,0,none,product_capability,Medium (60-120w)
7406332234699390976,https://www.linkedin.com/feed/update/urn:li:activity:7406332234699390976,"GrantsNow empowers research offices to identify the right opportunities faster, streamline submissions, and increase funding success through automation and smart integrations. Find out how: https://lnkd.in/dU2Brsef 

#GrantsNow #ResearchFunding #GrantsManagement #PreAwards #HigherEducation #FundingSuccess #ResearchInnovation","GrantsNow empowers research offices to identify the right opportunities faster, streamline submissions, and increase fun",120,2025-12-15,Monday,2025-12-15/2025-12-21,0,Organic,Image or text,,False,221,,1,7,0,0,7,8,0.03619909502262444,0.004524886877828055,0.0,0.0,326,32,2,7,"GrantsNow, ResearchFunding, GrantsManagement, PreAwards, HigherEducation, FundingSuccess, ResearchInnovation",1,0,0,0,learn_more,product_capability,Short (25-60w)
7406671973143027712,https://www.linkedin.com/feed/update/urn:li:activity:7406671973143027712,"Many solutions claim to be SaaS, but few actually are. A TRUE SaaS platform has a single codebase, instant updates, and scalable configurations. Read the blog to know more: https://lnkd.in/eqK3_-vN 

#grantsnow #preawards #research #grantsmanagement #armauk #SaaS","Many solutions claim to be SaaS, but few actually are. A TRUE SaaS platform has a single codebase, instant updates, and ",120,2025-12-16,Tuesday,2025-12-15/2025-12-21,1,Organic,Image or text,,False,319,,6,13,0,0,13,19,0.05956112852664577,0.018808777429467086,0.0,0.0,263,36,2,6,"grantsnow, preawards, research, grantsmanagement, armauk, SaaS",1,0,0,0,read,thought_leadership,Short (25-60w)
7407081660690776064,https://www.linkedin.com/feed/update/urn:li:activity:7407081660690776064,"Managing integrations, reports, and configurations in-house can drain valuable time and resources. With GrantsNow, you don’t have to. Our team of 250+ consultants ensures seamless integration and customisation, so you can focus on what truly matters.

#HigherEdTech #GrantsNow #GrantManagement #Automation #Efficiency #SeamlessIntegration","Managing integrations, reports, and configurations in-house can drain valuable time and resources. With GrantsNow, you d",120,2025-12-17,Wednesday,2025-12-15/2025-12-21,1,Organic,Image or text,,False,103,,1,5,0,0,5,6,0.05825242718446602,0.009708737864077669,0.0,0.0,338,42,2,6,"HigherEdTech, GrantsNow, GrantManagement, Automation, Efficiency, SeamlessIntegration",0,0,0,0,none,product_capability,Short (25-60w)
7407415268119015424,https://www.linkedin.com/feed/update/urn:li:activity:7407415268119015424,"Thanks to everyone who has been a part of this progressive year! Wishing you all a very Merry Christmas and Happy New Year from Team GrantsNow

#NewYear2026 #Christmas #TheGrantScope #Newsletter #Partnerships",Thanks to everyone who has been a part of this progressive year! Wishing you all a very Merry Christmas and Happy New Ye,120,2025-12-18,Thursday,2025-12-15/2025-12-21,1,Organic,Article,Article,True,792,206.0,49,17,3,3,23,72,0.09090909090909091,0.06186868686868687,0.003787878787878788,0.003787878787878788,208,31,2,5,"NewYear2026, Christmas, TheGrantScope, Newsletter, Partnerships",0,0,0,0,none,other,Short (25-60w)
7407401310569865216,https://www.linkedin.com/feed/update/urn:li:activity:7407401310569865216,"🚀 We’re Hiring! Join Our Team at GrantsNow 🚀

We’re excited to announce that we are expanding our Inside Sales Team and we’re looking for talented individuals to join us! If you’re passionate, driven, and ready to take on new challenges, we want to hear from you. 🌟

📌 Explore our open opportunities and apply here:
🔗 https://lnkd.in/ex4UZt-6

Come build the future with us! 💼✨

#Hiring #EnterpriseInsideSalesExecutive #JoinOurTeam #London ",🚀 We’re Hiring! Join Our Team at GrantsNow 🚀,44,2025-12-18,Thursday,2025-12-15/2025-12-21,1,Organic,Image or text,,False,534,,29,9,0,2,11,40,0.0749063670411985,0.054307116104868915,0.003745318352059925,0.0,440,69,9,4,"Hiring, EnterpriseInsideSalesExecutive, JoinOurTeam, London",1,0,7,0,read,other,Medium (60-120w)
7407392971530121217,https://www.linkedin.com/feed/update/urn:li:activity:7407392971530121217,"Make your Pre Awards system work your way. With GrantsNow, you can quickly configure forms, fields, hierarchies and approval workflows without waiting on developers.

#ResearchFunding #PreAwards #ResearchManagement #GrantsNow","Make your Pre Awards system work your way. With GrantsNow, you can quickly configure forms, fields, hierarchies and appr",120,2025-12-18,Thursday,2025-12-15/2025-12-21,1,Organic,Image or text,,False,163,,4,4,0,0,4,8,0.049079754601226995,0.024539877300613498,0.0,0.0,225,28,2,4,"ResearchFunding, PreAwards, ResearchManagement, GrantsNow",0,0,0,0,none,other,Short (25-60w)
7408838760735338496,https://www.linkedin.com/feed/update/urn:li:activity:7408838760735338496,"Is your university struggling with inefficiencies in pre-award processes that delay submissions?

GrantsNow can help streamline your workflows by centralising tasks like proposal submissions, compliance tracking, and budgeting. By automating these key elements, you will reduce processing time, eliminate errors, and ensure smoother collaboration between departments. This not only boosts efficiency but also increases your chances of securing more funding with less manual work involved.

#GrantsNow #PreAwardExcellence #HigherEfficiency",Is your university struggling with inefficiencies in pre-award processes that delay submissions?,96,2025-12-22,Monday,2025-12-22/2025-12-28,0,Organic,Image or text,,False,103,,1,4,0,0,4,5,0.04854368932038835,0.009708737864077669,0.0,0.0,538,68,4,3,"GrantsNow, PreAwardExcellence, HigherEfficiency",0,0,0,1,none,product_capability,Medium (60-120w)
7409206915282513920,https://www.linkedin.com/feed/update/urn:li:activity:7409206915282513920,"What could 25% more grant funding opportunities mean for your institution?

GrantsNow helps universities maximise funding visibility and efficiency across the UK and beyond via:

Full end-to-end Pre-awards Management: Get proposal reports, KPIs, status of proposals, and set preferences according to your Research topics and interests.


Intelligent Configurable Dashboard: Centralised and searchable database of grants opportunities available from various sources such as UKRI Councils (UK)


Funder Opportunity Scanner: Flexibility required to adapt approval routing process to multiple groups, and configurable alerts for outstanding items


End-to-end Approval Workflow: Unlike some solutions, GrantsNow comes completely integrated with HR, payroll, and finance systems


Seamless Systems Integration: Streamline tasks with custom forms, automated approvals, collaboration tools. Centralise risk, compliance, governance, and documentation management.


Ethics and Due Diligence: Our Contracts module is designed to streamline and automate the entire lifecycle of contracts, from creation and negotiation to execution and renewal.


Contracts Module: Our Contracts module is designed to streamline and automate the entire lifecycle of contracts, from creation and negotiation to execution and renewal.


Post-Awards: Managing grants effectively involves robust post-award reporting to ensure compliance, transparency, and accountability for each project.

#GrantsNow #grantsmanagement #preawards #postawards",What could 25% more grant funding opportunities mean for your institution?,74,2025-12-23,Tuesday,2025-12-22/2025-12-28,1,Organic,Image or text,,False,116,,1,1,0,1,2,3,0.02586206896551724,0.008620689655172414,0.008620689655172414,0.0,1510,190,27,4,"GrantsNow, grantsmanagement, preawards, postawards",0,0,0,1,none,product_capability,Long (120w+)
7409563532591058944,https://www.linkedin.com/feed/update/urn:li:activity:7409563532591058944,"The night before Christmas brings more than festive cheer.
This Christmas Eve, GrantsNow arrives to help you get funding for next year.

#grantsmanagement #grantsnow #research #preawards #postwards #highereducationnews",The night before Christmas brings more than festive cheer.,58,2025-12-24,Wednesday,2025-12-22/2025-12-28,1,Organic,Image or text,,False,344,,9,22,0,0,22,31,0.09011627906976744,0.02616279069767442,0.0,0.0,218,28,3,6,"grantsmanagement, grantsnow, research, preawards, postwards, highereducationnews",0,0,0,0,none,thought_leadership,Short (25-60w)
7409925909564264448,https://www.linkedin.com/feed/update/urn:li:activity:7409925909564264448,"Merry Christmas from the GrantsNow team!
Sending our best wishes to our partners across higher education and everyone has supported us this year 🎄🎁❄️☃️ 

#preawards #grantsmanagement #grantsnow #postawards",Merry Christmas from the GrantsNow team!,40,2025-12-25,Thursday,2025-12-22/2025-12-28,1,Organic,Image or text,,False,290,,7,13,0,0,13,20,0.06896551724137931,0.02413793103448276,0.0,0.0,205,28,3,4,"preawards, grantsmanagement, grantsnow, postawards",0,0,4,0,none,other,Short (25-60w)
7412281799256592384,https://www.linkedin.com/feed/update/urn:li:activity:7412281799256592384,"Wishing everyone a happy and progressive New Year 2026! 

#NewYear2026 #GrantsNow",Wishing everyone a happy and progressive New Year 2026! ,56,2026-01-01,Thursday,2025-12-29/2026-01-04,1,Organic,Video or document,Video,False,303,114.0,23,17,0,0,17,40,0.132013201320132,0.07590759075907591,0.0,0.0,81,11,2,2,"NewYear2026, GrantsNow",0,0,0,0,none,other,Very short (<25w)
7413915945481428992,https://www.linkedin.com/feed/update/urn:li:activity:7413915945481428992,"Last minute deadlines, missing documents and manually creating proposal templates is slowing down the grants funding process. GrantsNow solves this with structured proposal templates, required fields and automated prompts so submissions are completed before they reach your office.
Get in touch: https://lnkd.in/dU2Brsef

#ResearchAdmin #GrantPreparation #UniversityResearch #PreAward #GrantsNow","Last minute deadlines, missing documents and manually creating proposal templates is slowing down the grants funding pro",120,2026-01-05,Monday,2026-01-05/2026-01-11,0,Organic,Image or text,,False,128,,3,4,0,0,4,7,0.0546875,0.0234375,0.0,0.0,395,47,3,5,"ResearchAdmin, GrantPreparation, UniversityResearch, PreAward, GrantsNow",1,0,0,0,contact,product_capability,Short (25-60w)
7414636968992686080,https://www.linkedin.com/feed/update/urn:li:activity:7414636968992686080,"GrantsNow’s Funder Opportunity Scanner automates this process and highlights matched calls based on your research strengths. A first in UK higher education.
Get in touch: https://lnkd.in/dU2Brsef

#FundingCalls #ResearchSupport #GrantOpportunities #HigherEdUK #GrantsNow",GrantsNow’s Funder Opportunity Scanner automates this process and highlights matched calls based on your research streng,120,2026-01-07,Wednesday,2026-01-05/2026-01-11,1,Organic,Image or text,,False,119,,8,5,0,0,5,13,0.1092436974789916,0.06722689075630252,0.0,0.0,270,31,3,5,"FundingCalls, ResearchSupport, GrantOpportunities, HigherEdUK, GrantsNow",1,0,0,0,contact,product_capability,Short (25-60w)
7416836939351486466,https://www.linkedin.com/feed/update/urn:li:activity:7416836939351486466,"We know the options for Pre- and Post-Awards Management software are limited, especially when most are built on technology that’s nearly a decade old. GrantsNow is different. As a true SaaS solution, it comes with modern, pre-built integrations for ERP, Finance, and HR systems, bringing unmatched efficiency and innovation.

Get in touch: https://lnkd.in/dU2Brsef 

#grantsnow #grantsmanagement #preawards #postawards #SaaS","We know the options for Pre- and Post-Awards Management software are limited, especially when most are built on technolo",120,2026-01-13,Tuesday,2026-01-12/2026-01-18,1,Organic,Image or text,,False,155,,3,8,0,0,8,11,0.07096774193548387,0.01935483870967742,0.0,0.0,424,58,4,5,"grantsnow, grantsmanagement, preawards, postawards, SaaS",1,0,0,0,contact,other,Short (25-60w)
7417192547816710144,https://www.linkedin.com/feed/update/urn:li:activity:7417192547816710144,"We all know the feeling, finding the right funding opportunity can feel like searching for a needle in a haystack. Institutions have waited a long time for smarter alerts, in depth filtering, and the ability to pinpoint specific grants that align with their goals, so they can spend more time innovating and less time searching for funding.

📰 The good news? 

Institutions are already able to access a 25% increase in funding opportunities using the Funder Opportunity Scanner tool found on GrantsNow's highly intuitive platform, taking searching for funding opportunities from a highly manual, time-consuming process to a quick accurate search.

❓Why this matters:

In today’s competitive funding landscape, being first to know about the right opportunity can make all the difference. Our centralised, AI-enhanced solution, continuously scans UK, EU, and global funding landscapes and delivers relevant opportunities straight to you. No endless searches. No manual processes. Just smarter discovery and more opportunity.

💎 Features:

Smart Search by Your Priorities:
Filter funding calls by keyword, discipline, career stage, funder, award type, closing date, and more, so you only see what truly matters to you.

AI-Powered Alerts:
Receive instant, personalised alerts for new funding opportunities based on your interests and expertise. 

Funding News & Policy Updates:
Stay ahead of the curve with curated news and key funding policy developments from major funders.

Collaborate and Share:
Spot an ideal opportunity? Share it seamlessly with colleagues or teams to get a head start on Grants applications.

Automatic Template Magic:
Funding call data is automatically converted into funder templates, saving valuable time and helping you move toward submission faster.

💡 Who’s Already on the Platform?:

The Scanner covers a wide range of leading funders, including UK Research and Innovation (UKRI), Horizon Europe, NIH, Wellcome Trust, Cancer Research UK, and global organisations such as the Bill & Melinda Gates Foundation, so you never miss a great match.

🧠 Final Thoughts:

If you’re serious about unlocking the right funding faster and smarter, more and more universities are finding Funder Opportunity Scanner a great advantage. 

#ResearchInnovation #GrantsNow #AI #GrantFunding #HigherEd #Education #Grants","We all know the feeling, finding the right funding opportunity can feel like searching for a needle in a haystack. Insti",120,2026-01-14,Wednesday,2026-01-12/2026-01-18,1,Organic,Image or text,,False,555,,27,20,2,2,24,51,0.0918918918918919,0.04864864864864865,0.0036036036036036037,0.0036036036036036037,2325,345,35,7,"ResearchInnovation, GrantsNow, AI, GrantFunding, HigherEd, Education, Grants",0,0,5,1,none,product_capability,Long (120w+)
7417581396816359424,https://www.linkedin.com/feed/update/urn:li:activity:7417581396816359424,"Many universities wait over a year for their Pre Award system to connect with finance and HR platforms. GrantsNow delivers clean, pre built integrations with Oracle cloud so you can go live in less than half the time faster. Get in touch: https://lnkd.in/dU2Brsef

#University #ResearchManagement #GrantsNow",Many universities wait over a year for their Pre Award system to connect with finance and HR platforms. GrantsNow delive,120,2026-01-15,Thursday,2026-01-12/2026-01-18,1,Organic,Image or text,,False,361,,15,12,0,1,13,28,0.07756232686980609,0.04155124653739612,0.002770083102493075,0.0,307,46,2,3,"University, ResearchManagement, GrantsNow",1,0,0,0,contact,community_celebration,Short (25-60w)
7419016802879381504,https://www.linkedin.com/feed/update/urn:li:activity:7419016802879381504,"ERP integrations should not take 18 months. GrantsNow delivers faster, seamless connectivity so your team can focus on winning more funding, not waiting on integrations.

#GrantsNow #PreAwards #ERPIntegration #ResearchFunding #HigherEducation","ERP integrations should not take 18 months. GrantsNow delivers faster, seamless connectivity so your team can focus on w",120,2026-01-19,Monday,2026-01-19/2026-01-25,0,Organic,Image or text,,False,124,,2,5,0,0,5,7,0.056451612903225805,0.016129032258064516,0.0,0.0,242,30,2,5,"GrantsNow, PreAwards, ERPIntegration, ResearchFunding, HigherEducation",0,0,0,0,none,community_celebration,Short (25-60w)
7419379195031588864,https://www.linkedin.com/feed/update/urn:li:activity:7419379195031588864,"Universities are uncovering significantly more funding opportunities by using a single platform that brings searchable global grant databases, custom alerts, and automation together. Want to find out how they’re doing it?

#GrantsNow #GrantsManagement #ResearchFunding #PreAwards #HigherEducation #FundingOpportunities",Universities are uncovering significantly more funding opportunities by using a single platform that brings searchable g,120,2026-01-20,Tuesday,2026-01-19/2026-01-25,1,Organic,Image or text,,False,155,,2,5,0,1,6,8,0.05161290322580645,0.012903225806451613,0.0064516129032258064,0.0,318,37,2,6,"GrantsNow, GrantsManagement, ResearchFunding, PreAwards, HigherEducation, FundingOpportunities",0,0,0,1,learn_more,product_capability,Short (25-60w)
7419729250968043521,https://www.linkedin.com/feed/update/urn:li:activity:7419729250968043521,"Most systems stop at submission, leaving teams to track awards manually. GrantsNow connects Pre Award to Post Award so you have visibility from idea to outcome.
Get in touch: https://lnkd.in/dU2Brsef

#GrantLifecycle #PostAward #ResearchManagement #GrantsNow","Most systems stop at submission, leaving teams to track awards manually. GrantsNow connects Pre Award to Post Award so y",120,2026-01-21,Wednesday,2026-01-19/2026-01-25,1,Organic,Image or text,,False,178,,4,10,0,0,10,14,0.07865168539325842,0.02247191011235955,0.0,0.0,258,34,3,4,"GrantLifecycle, PostAward, ResearchManagement, GrantsNow",1,0,0,0,contact,community_celebration,Short (25-60w)
7420098683402186752,https://www.linkedin.com/feed/update/urn:li:activity:7420098683402186752,"GrantsNow syncs data in real time, giving research offices and leadership instant visibility into proposal status, deadlines and workload. No more stale reports or outdated spreadsheets. Get in touch: https://lnkd.in/dU2Brsef

#ResearchData #RealTimeUpdates #UniversitySystems #GrantsNow","GrantsNow syncs data in real time, giving research offices and leadership instant visibility into proposal status, deadl",120,2026-01-22,Thursday,2026-01-19/2026-01-25,1,Organic,Image or text,,False,190,,3,8,0,1,9,12,0.06315789473684211,0.015789473684210527,0.005263157894736842,0.0,287,34,2,4,"ResearchData, RealTimeUpdates, UniversitySystems, GrantsNow",1,0,0,0,contact,thought_leadership,Short (25-60w)
7421910848685785089,https://www.linkedin.com/feed/update/urn:li:activity:7421910848685785089,"Universities require visibility into their research funding activity in order to make informed decisions. GrantsNow offers intelligent and configurable dashboards and reporting, providing research offices with real-time visibility into the entire Pre-Awards process.

Universities using GrantsNow benefit from:
• Real-time dashboards that display submissions, approvals, workloads, and pipelines
• Configurable views that cater to different roles and responsibilities
• Accurate data that is extracted from live grant and costing information
• Clear reporting that enables planning, performance, and compliance

This enables better decision-making, improved transparency, and enhanced oversight of research funding activity.

#GrantsNow #ResearchFunding #PreAwards #GrantsManagement #HigherEducation #ResearchOffice",Universities require visibility into their research funding activity in order to make informed decisions. GrantsNow offe,120,2026-01-27,Tuesday,2026-01-26/2026-02-01,1,Organic,Image or text,,False,265,,4,11,1,0,12,16,0.06037735849056604,0.01509433962264151,0.0,0.0037735849056603774,815,98,10,6,"GrantsNow, ResearchFunding, PreAwards, GrantsManagement, HigherEducation, ResearchOffice",0,0,0,0,none,thought_leadership,Medium (60-120w)
7422617892359200768,https://www.linkedin.com/feed/update/urn:li:activity:7422617892359200768,"Researchers, approvers, and administrators can all work within the same platform. GrantsNow enables all conversations, feedback, and changes to documents to be centralised so that no step is missed in an email trail.
Contact us: https://lnkd.in/dU2Brsef

#Collaboration #ResearchSupport #AcademicWorkflows #GrantsNow","Researchers, approvers, and administrators can all work within the same platform. GrantsNow enables all conversations, f",120,2026-01-29,Thursday,2026-01-26/2026-02-01,1,Organic,Image or text,,False,170,,5,11,0,0,11,16,0.09411764705882353,0.029411764705882353,0.0,0.0,316,40,3,4,"Collaboration, ResearchSupport, AcademicWorkflows, GrantsNow",1,0,0,0,contact,pain_point,Short (25-60w)
7424389603496931330,https://www.linkedin.com/feed/update/urn:li:activity:7424389603496931330,,,0,2026-02-03,Tuesday,2026-02-02/2026-02-08,1,Organic,Article,Article,True,277,152.0,14,9,0,0,9,23,0.08303249097472924,0.05054151624548736,0.0,0.0,0,0,0,0,,0,0,0,0,none,other,Very short (<25w)
7424446702406889472,https://www.linkedin.com/feed/update/urn:li:activity:7424446702406889472,"Legacy Pre-Awards technology can quietly slow research teams down and limit funding success. Our latest blog explores why universities are rethinking their grants systems. Read more: https://lnkd.in/daG7f5zk

#GrantsNow #LegacySoftware #GrantsManagement #PreAwards #Funding #Grants",Legacy Pre-Awards technology can quietly slow research teams down and limit funding success. Our latest blog explores wh,120,2026-02-03,Tuesday,2026-02-02/2026-02-08,1,Organic,Image or text,,False,167,,11,7,0,0,7,18,0.10778443113772455,0.0658682634730539,0.0,0.0,281,33,2,6,"GrantsNow, LegacySoftware, GrantsManagement, PreAwards, Funding, Grants",1,0,0,0,read,thought_leadership,Short (25-60w)
7425109299497984000,https://www.linkedin.com/feed/update/urn:li:activity:7425109299497984000,"Unlock more funding opportunities with less effort. Want to know how? Set up a demo - https://lnkd.in/dU2Brsef

#GrantsNow #Funding #GrantsManagement",Unlock more funding opportunities with less effort. Want to know how? Set up a demo - https://lnkd.in/dU2Brsef,110,2026-02-05,Thursday,2026-02-02/2026-02-08,1,Organic,Image or text,,False,159,,3,5,0,1,6,9,0.05660377358490566,0.018867924528301886,0.006289308176100629,0.0,149,20,2,3,"GrantsNow, Funding, GrantsManagement",1,0,0,1,none,other,Very short (<25w)
7426626233469231104,https://www.linkedin.com/feed/update/urn:li:activity:7426626233469231104,"Every role in the research office sees what matters most. GrantsNow’s configurable dashboards highlight tasks, deadlines and priorities so teams stay aligned without chasing information. Get in touch: https://lnkd.in/dU2Brsef

#ResearchOffice #Workflows #HigherEducation #GrantsNow","Every role in the research office sees what matters most. GrantsNow’s configurable dashboards highlight tasks, deadlines",120,2026-02-09,Monday,2026-02-09/2026-02-15,0,Organic,Image or text,,False,253,,12,10,0,0,10,22,0.08695652173913043,0.04743083003952569,0.0,0.0,281,33,2,4,"ResearchOffice, Workflows, HigherEducation, GrantsNow",1,0,0,0,contact,thought_leadership,Short (25-60w)
7428062420943826945,https://www.linkedin.com/feed/update/urn:li:activity:7428062420943826945,"Universities often struggle with costing consistency across faculties. GrantsNow uses a flexible, TRAC compatible engine that supports multiple scenarios and institution specific rules. Get in touch: https://lnkd.in/dU2Brsef

#ResearchFinance #Costings #TRAC #GrantsNow","Universities often struggle with costing consistency across faculties. GrantsNow uses a flexible, TRAC compatible engine",120,2026-02-13,Friday,2026-02-09/2026-02-15,0,Organic,Image or text,,False,136,,1,6,0,0,6,7,0.051470588235294115,0.007352941176470588,0.0,0.0,269,31,2,4,"ResearchFinance, Costings, TRAC, GrantsNow",1,0,0,0,contact,other,Short (25-60w)
7432091994195177472,https://www.linkedin.com/feed/update/urn:li:activity:7432091994195177472,"With GrantsNow, you can assign responsibilities, control access, and ensure data security within a fully configurable and user-friendly platform built for research offices.

Learn more: https://lnkd.in/dU2Brsef 

#GrantsNow #GrantsManagement #PreAwards #ResearchFunding #DataSecurity #Compliance #HigherEducation","With GrantsNow, you can assign responsibilities, control access, and ensure data security within a fully configurable an",120,2026-02-24,Tuesday,2026-02-23/2026-03-01,1,Organic,Image or text,,False,292,,10,18,0,0,18,28,0.0958904109589041,0.03424657534246575,0.0,0.0,312,33,4,7,"GrantsNow, GrantsManagement, PreAwards, ResearchFunding, DataSecurity, Compliance, HigherEducation",1,0,0,0,learn_more,thought_leadership,Short (25-60w)
7433156490762547200,https://www.linkedin.com/feed/update/urn:li:activity:7433156490762547200,"The wrong Pre-Awards platform means hidden costs, manual updates, delays, and a higher total cost of ownership. GrantsNow’s TRUE SaaS solution gives you full control, instant upgrades, and zero hidden fees. Read the blog to know how: https://lnkd.in/eqK3_-vN 

#grantsmanagement #armauk #grantsnow #preawards #research","The wrong Pre-Awards platform means hidden costs, manual updates, delays, and a higher total cost of ownership. GrantsNo",120,2026-02-27,Friday,2026-02-23/2026-03-01,0,Organic,Image or text,,False,122,,4,8,0,0,8,12,0.09836065573770492,0.03278688524590164,0.0,0.0,318,43,2,5,"grantsmanagement, armauk, grantsnow, preawards, research",1,0,0,0,read,pain_point,Short (25-60w)
7433156492133896193,https://www.linkedin.com/feed/update/urn:li:activity:7433156492133896193,"GrantsNow is empowering research teams to work smarter, not harder. Discover why UK institutions are opting for a platform designed for outcomes, not workarounds. Get in touch: https://lnkd.in/dU2Brsef

#GrantsNow #PreAwardSoftware #ResearchManagement #HigherEdTech #TrueSaaS #UKUniversities","GrantsNow is empowering research teams to work smarter, not harder. Discover why UK institutions are opting for a platfo",120,2026-02-27,Friday,2026-02-23/2026-03-01,0,Organic,Image or text,,False,148,,4,9,0,0,9,13,0.08783783783783784,0.02702702702702703,0.0,0.0,291,34,2,6,"GrantsNow, PreAwardSoftware, ResearchManagement, HigherEdTech, TrueSaaS, UKUniversities",1,0,0,0,contact,thought_leadership,Short (25-60w)
7434243645479903232,https://www.linkedin.com/feed/update/urn:li:activity:7434243645479903232,"Managing integrations, reports, and configurations in-house can drain valuable time and resources. With GrantsNow, you don’t have to. Our team of 250+ consultants ensures seamless integration and customisation, so you can focus on what truly matters.

#HigherEdTech #GrantsNow #GrantManagement #Automation #Efficiency #SeamlessIntegration","Managing integrations, reports, and configurations in-house can drain valuable time and resources. With GrantsNow, you d",120,2026-03-02,Monday,2026-03-02/2026-03-08,0,Organic,Image or text,,False,151,,2,9,0,0,9,11,0.0728476821192053,0.013245033112582781,0.0,0.0,338,42,2,6,"HigherEdTech, GrantsNow, GrantManagement, Automation, Efficiency, SeamlessIntegration",0,0,0,0,none,product_capability,Short (25-60w)
7435338397323382785,https://www.linkedin.com/feed/update/urn:li:activity:7435338397323382785,"Unlock more opportunities for grants income without needing extra budget! With GrantsNow, you have multiple tools at your disposal to streamline Pre-Awards, enhance team performance, and get your organisation the funding it deserves.","Unlock more opportunities for grants income without needing extra budget! With GrantsNow, you have multiple tools at you",120,2026-03-05,Thursday,2026-03-02/2026-03-08,1,Organic,Image or text,,False,88,,1,4,0,0,4,5,0.056818181818181816,0.011363636363636364,0.0,0.0,233,33,0,0,,0,0,0,0,none,other,Short (25-60w)
7435700768306978819,https://www.linkedin.com/feed/update/urn:li:activity:7435700768306978819,"Searching for the next generation in pre-awards software? GrantsNow is here now, making pre and post-award administration faster, more automated and better integrated.

#GrantsNow #PreAwardSoftware #PostAwardManagement #ResearchGrants #HigherEdTech #UKUniversities #SmartFunding #FutureReady","Searching for the next generation in pre-awards software? GrantsNow is here now, making pre and post-award administratio",120,2026-03-06,Friday,2026-03-02/2026-03-08,0,Organic,Image or text,,False,160,,5,14,0,0,14,19,0.11875,0.03125,0.0,0.0,291,31,2,8,"GrantsNow, PreAwardSoftware, PostAwardManagement, ResearchGrants, HigherEdTech, UKUniversities, SmartFunding, FutureReady",0,0,0,1,none,product_capability,Short (25-60w)
7438245015644106753,https://www.linkedin.com/feed/update/urn:li:activity:7438245015644106753,"The wrong Pre-Awards platform means hidden costs, manual updates, delays, and a higher total cost of ownership. GrantsNow’s TRUE SaaS solution gives you full control, instant upgrades, and zero hidden fees. Read the blog to know how: https://lnkd.in/eqK3_-vN 

#grantsmanagement #armauk #grantsnow #preawards #research","The wrong Pre-Awards platform means hidden costs, manual updates, delays, and a higher total cost of ownership. GrantsNo",120,2026-03-13,Friday,2026-03-09/2026-03-15,0,Organic,Image or text,,False,278,,6,20,0,0,20,26,0.09352517985611511,0.02158273381294964,0.0,0.0,318,43,2,5,"grantsmanagement, armauk, grantsnow, preawards, research",1,0,0,0,read,pain_point,Short (25-60w)
7439332180469862400,https://www.linkedin.com/feed/update/urn:li:activity:7439332180469862400,"Many solutions claim to be SaaS, but few actually are. A TRUE SaaS platform has a single codebase, instant updates, and scalable configurations. Read the blog to know more: https://lnkd.in/eqK3_-vN 

#grantsnow #preawards #research #grantsmanagement #armauk #SaaS","Many solutions claim to be SaaS, but few actually are. A TRUE SaaS platform has a single codebase, instant updates, and ",120,2026-03-16,Monday,2026-03-16/2026-03-22,0,Organic,Image or text,,False,228,,3,13,0,0,13,16,0.07017543859649122,0.013157894736842105,0.0,0.0,263,36,2,6,"grantsnow, preawards, research, grantsmanagement, armauk, SaaS",1,0,0,0,read,thought_leadership,Short (25-60w)
7439694565923586048,https://www.linkedin.com/feed/update/urn:li:activity:7439694565923586048,"If your pre-award software requires constant workarounds, you're already wasting time. GrantsNow enables you to speed up with automation, speed, and effortless integration. Switch to our future-proof solution: https://lnkd.in/dU2Brsef 

#PreAwardSoftware #ResearchManagement #HigherEdTech #GrantsNow #FutureReady #Automation #UKUniversities #DigitalTransformation #TrueSaaS","If your pre-award software requires constant workarounds, you're already wasting time. GrantsNow enables you to speed up",120,2026-03-17,Tuesday,2026-03-16/2026-03-22,1,Organic,Image or text,,False,190,,9,8,0,0,8,17,0.08947368421052632,0.04736842105263158,0.0,0.0,373,38,2,9,"PreAwardSoftware, ResearchManagement, HigherEdTech, GrantsNow, FutureReady, Automation, UKUniversities, DigitalTransformation, TrueSaaS",1,0,0,0,none,product_capability,Short (25-60w)
7442171767156240384,https://www.linkedin.com/feed/update/urn:li:activity:7442171767156240384,"GrantsNow is at Oracle AI World 2026. Come say hello!

#PreAwards #GrantsManagement #OracleAIWorld #Oracle #FusionPractices",GrantsNow is at Oracle AI World 2026. Come say hello!,53,2026-03-24,Tuesday,2026-03-23/2026-03-29,1,Organic,Image or text,,False,315,,17,14,0,0,14,31,0.09841269841269841,0.05396825396825397,0.0,0.0,123,15,2,5,"PreAwards, GrantsManagement, OracleAIWorld, Oracle, FusionPractices",0,0,0,0,none,product_capability,Very short (<25w)
7449429953898680320,https://www.linkedin.com/feed/update/urn:li:activity:7449429953898680320,"Budgeting shouldn’t be the bottleneck but it often is.

Manual spreadsheets, outdated costing models, and disconnected finance data make it difficult to build accurate, compliant proposals.

GrantsNow tackles this with:
✔ Full economic costing (fEC) aligned to TRAC
✔ Automated cost calculations and scenario modelling
✔ Integration with HR & finance systems for real-time data

Fewer errors. Faster approvals. Stronger proposals.

Join us to explore how AI can take budgeting and validation even further.",Budgeting shouldn’t be the bottleneck but it often is.,54,2026-04-13,Monday,2026-04-13/2026-04-19,0,Organic,Image or text,,False,181,,1,9,0,1,10,11,0.06077348066298342,0.0055248618784530384,0.0055248618784530384,0.0,505,74,11,0,,0,0,3,0,read,product_capability,Medium (60-120w)
7449792344716959744,https://www.linkedin.com/feed/update/urn:li:activity:7449792344716959744,"Most systems stop at submission, leaving teams to track awards manually. GrantsNow connects Pre Award to Post Award so you have visibility from idea to outcome.
Get in touch: https://lnkd.in/dU2Brsef

#GrantLifecycle #PostAward #ResearchManagement #GrantsNow","Most systems stop at submission, leaving teams to track awards manually. GrantsNow connects Pre Award to Post Award so y",120,2026-04-14,Tuesday,2026-04-13/2026-04-19,1,Organic,Image or text,,False,189,,7,14,0,1,15,22,0.1164021164021164,0.037037037037037035,0.005291005291005291,0.0,258,34,3,4,"GrantLifecycle, PostAward, ResearchManagement, GrantsNow",1,0,0,0,contact,community_celebration,Short (25-60w)
7450161776261820416,https://www.linkedin.com/feed/update/urn:li:activity:7450161776261820416,"GrantsNow syncs data in real time, giving research offices and leadership instant visibility into proposal status, deadlines and workload. No more stale reports or outdated spreadsheets. Get in touch: https://lnkd.in/dU2Brsef

#ResearchData #RealTimeUpdates #UniversitySystems #GrantsNow","GrantsNow syncs data in real time, giving research offices and leadership instant visibility into proposal status, deadl",120,2026-04-15,Wednesday,2026-04-13/2026-04-19,1,Organic,Image or text,,False,104,,1,6,0,1,7,8,0.07692307692307693,0.009615384615384616,0.009615384615384616,0.0,287,34,2,4,"ResearchData, RealTimeUpdates, UniversitySystems, GrantsNow",1,0,0,0,contact,thought_leadership,Short (25-60w)
7450317300383211520,https://www.linkedin.com/feed/update/urn:li:activity:7450317300383211520,"Join our upcoming webinar here:
https://lnkd.in/ei2DNPX6 

Instead of large-scale change, leading institutions are starting with small, focused pilots:
✔ Testing AI for compliance checks
✔ Automating funding opportunity discovery
✔ Supporting proposal development

With platforms like GrantsNow already providing centralised data, workflows, and automation, AI becomes much easier to trial in real scenarios.

We’ll be discussing real use cases in our upcoming session",Join our upcoming webinar here:,31,2026-04-15,Wednesday,2026-04-13/2026-04-19,1,Organic,Image or text,,False,131,,6,2,0,2,4,10,0.07633587786259542,0.04580152671755725,0.015267175572519083,0.0,468,63,10,0,,1,0,3,0,none,product_capability,Medium (60-120w)
7451951574739886080,https://www.linkedin.com/feed/update/urn:li:activity:7451951574739886080,"Make your Pre Awards system work your way. With GrantsNow, you can quickly configure forms, fields, hierarchies and approval workflows without waiting on developers.

#ResearchFunding #PreAwards #ResearchManagement #GrantsNow","Make your Pre Awards system work your way. With GrantsNow, you can quickly configure forms, fields, hierarchies and appr",120,2026-04-20,Monday,2026-04-20/2026-04-26,0,Organic,Image or text,,False,141,,1,7,0,2,9,10,0.07092198581560284,0.0070921985815602835,0.014184397163120567,0.0,225,28,2,4,"ResearchFunding, PreAwards, ResearchManagement, GrantsNow",0,0,0,0,none,other,Short (25-60w)
7451975730483351553,https://www.linkedin.com/feed/update/urn:li:activity:7451975730483351553,,,0,2026-04-20,Monday,2026-04-20/2026-04-26,0,Organic,Article,Article,True,246,235.0,1,3,0,0,3,4,0.016260162601626018,0.0040650406504065045,0.0,0.0,0,0,0,0,,0,0,0,0,none,other,Very short (<25w)
7452340405129351169,https://www.linkedin.com/feed/update/urn:li:activity:7452340405129351169,"Research teams deserve tools that remove complexity, not add to it. GrantsNow streamlines key Pre and Post Award tasks so your staff can focus more on delivering impactful research, not admin.

#ResearchFunding #PreAwards #PostAwards #ResearchManagement #GrantsNow","Research teams deserve tools that remove complexity, not add to it. GrantsNow streamlines key Pre and Post Award tasks s",120,2026-04-21,Tuesday,2026-04-20/2026-04-26,1,Organic,Image or text,,False,138,,0,5,0,0,5,5,0.036231884057971016,0.0,0.0,0.0,264,36,2,5,"ResearchFunding, PreAwards, PostAwards, ResearchManagement, GrantsNow",0,0,0,0,none,thought_leadership,Short (25-60w)
7452691446320750592,https://www.linkedin.com/feed/update/urn:li:activity:7452691446320750592,"Join our upcoming webinar here:
https://lnkd.in/ei2DNPX6 

Instead of large-scale change, leading institutions are starting with small, focused pilots:
✔ Testing AI for compliance checks
✔ Automating funding opportunity discovery
✔ Supporting proposal development

With platforms like GrantsNow already providing centralised data, workflows, and automation, AI becomes much easier to trial in real scenarios.

We’ll be discussing real use cases in our upcoming session",Join our upcoming webinar here:,31,2026-04-22,Wednesday,2026-04-20/2026-04-26,1,Organic,Image or text,,False,755,,39,29,1,5,35,74,0.09801324503311258,0.051655629139072845,0.006622516556291391,0.0013245033112582781,468,63,10,0,,1,0,3,0,none,product_capability,Medium (60-120w)
7453065189752557568,https://www.linkedin.com/feed/update/urn:li:activity:7453065189752557568,"GrantsNow empowers research offices to identify the right opportunities faster, streamline submissions, and increase funding success through automation and smart integrations. Find out how: https://lnkd.in/dU2Brsef 

#GrantsNow #ResearchFunding #GrantsManagement #PreAwards #HigherEducation #FundingSuccess #ResearchInnovation","GrantsNow empowers research offices to identify the right opportunities faster, streamline submissions, and increase fun",120,2026-04-23,Thursday,2026-04-20/2026-04-26,1,Organic,Image or text,,False,139,,0,7,0,0,7,7,0.050359712230215826,0.0,0.0,0.0,326,32,2,7,"GrantsNow, ResearchFunding, GrantsManagement, PreAwards, HigherEducation, FundingSuccess, ResearchInnovation",1,0,0,0,learn_more,product_capability,Short (25-60w)
7455540400532066305,https://www.linkedin.com/feed/update/urn:li:activity:7455540400532066305,"Many universities wait over a year for their Pre Award system to connect with finance and HR platforms. GrantsNow delivers clean, pre built integrations with Oracle cloud so you can go live in less than half the time faster. Get in touch: https://lnkd.in/dU2Brsef

#University #ResearchManagement #GrantsNow",Many universities wait over a year for their Pre Award system to connect with finance and HR platforms. GrantsNow delive,120,2026-04-30,Thursday,2026-04-27/2026-05-03,1,Organic,Image or text,,False,223,,9,7,0,1,8,17,0.07623318385650224,0.04035874439461883,0.004484304932735426,0.0,307,46,2,3,"University, ResearchManagement, GrantsNow",1,0,0,0,contact,community_celebration,Short (25-60w)
7457028793136975872,https://www.linkedin.com/feed/update/urn:li:activity:7457028793136975872,"It’s not just the big tasks slowing research teams down it’s the small, repetitive ones.

Chasing approvals. Updating spreadsheets. Managing versions. Re-entering data.

These hidden manual processes quietly drain time across both Pre- and Post-Award reducing capacity for higher-value work.

GrantsNow brings everything into one connected platform, helping teams:
✔ Eliminate duplicate data entry
✔ Streamline approvals and workflows
✔ Improve visibility across the full grant lifecycle

Less admin. More time for research.

Find out more in our upcoming webinar","It’s not just the big tasks slowing research teams down it’s the small, repetitive ones.",88,2026-05-04,Monday,2026-05-04/2026-05-10,0,Organic,Image or text,,False,210,,2,8,0,0,8,10,0.047619047619047616,0.009523809523809525,0.0,0.0,563,80,13,0,,0,0,3,0,learn_more,pain_point,Medium (60-120w)
7457746257889988612,https://www.linkedin.com/feed/update/urn:li:activity:7457746257889988612,"Post-Award management doesn’t stop at funding it’s where pressure builds.

Reporting deadlines. Milestone tracking. Funder requirements.
Miss one, and it can impact future funding.

Many institutions still rely on manual tracking and reminders, increasing the risk of missed deadlines.

GrantsNow helps you stay in control with:
✔ Automated milestone tracking
✔ Real-time alerts and notifications
✔ Full visibility across the Post-Award lifecycle

Stay compliant. Stay on track. Never miss a deadline again.

Join our webinar to see how AI is taking this even further.",Post-Award management doesn’t stop at funding it’s where pressure builds.,73,2026-05-06,Wednesday,2026-05-04/2026-05-10,1,Organic,Image or text,,False,180,,3,9,0,0,9,12,0.06666666666666667,0.016666666666666666,0.0,0.0,568,84,14,0,,0,0,3,0,none,product_capability,Medium (60-120w)
7458093347295903747,https://www.linkedin.com/feed/update/urn:li:activity:7458093347295903747,"Can AI help universities simplify complexity, reduce administrative burden, and create more efficient pre-awards processes?

Join our upcoming webinar as industry experts explore how institutions can unlock greater value through smarter research management and AI-driven approaches.

📅 19th May 2026
🕐 12:30 PM – 1:30 PM BST
Register now: https://lnkd.in/ei2DNPX6

#HigherEducation #ResearchManagement #AI #PreAwards #GrantManagement #Webinar #GrantsNow","Can AI help universities simplify complexity, reduce administrative burden, and create more efficient pre-awards process",120,2026-05-07,Thursday,2026-05-04/2026-05-10,1,Organic,Image or text,,False,260,,49,2,0,1,3,52,0.2,0.18846153846153846,0.0038461538461538464,0.0,453,57,8,7,"HigherEducation, ResearchManagement, AI, PreAwards, GrantManagement, Webinar, GrantsNow",1,0,2,1,read,product_capability,Short (25-60w)
7458501231242752000,https://www.linkedin.com/feed/update/urn:li:activity:7458501231242752000,"Compliance isn’t optional but it is slowing teams down.

Many institutions are still managing due diligence manually, across emails, spreadsheets, and disconnected systems. That’s where delays and risk creep in.

With GrantsNow, compliance and governance are centralised in one place, with:
✔ Automated approval workflows
✔ Built-in due diligence tracking
✔ Configurable ethics and compliance forms

Less admin. More confidence. Faster submissions.

👉 Join our webinar to see how AI is taking this even further.",Compliance isn’t optional but it is slowing teams down.,55,2026-05-08,Friday,2026-05-04/2026-05-10,0,Organic,Image or text,,False,155,,3,3,0,0,3,6,0.03870967741935484,0.01935483870967742,0.0,0.0,511,75,11,0,,0,0,4,0,none,product_capability,Medium (60-120w)
7459930112554217472,https://www.linkedin.com/feed/update/urn:li:activity:7459930112554217472,"Post-Award management is where the real pressure begins.
Reporting deadlines. Milestone tracking. Funder compliance. Miss one, and you risk more than a slap on the wrist — you risk your next award.

Yet most institutions are still managing this with manual trackers and calendar reminders. It's not a system. It's a gamble.

GrantsNow gives your team full control of the Post-Award lifecycle:
✔ Automated milestone tracking
✔ Real-time alerts and notifications
✔ End-to-end visibility, from award to close

Compliant. On track. No deadlines missed.

Join our webinar to see how AI is making Post-Award management even smarter: https://lnkd.in/ei2DNPX6",Post-Award management is where the real pressure begins.,56,2026-05-12,Tuesday,2026-05-11/2026-05-17,1,Organic,Image or text,,False,162,,4,10,0,0,10,14,0.08641975308641975,0.024691358024691357,0.0,0.0,651,98,12,0,,1,0,3,0,none,product_capability,Medium (60-120w)
7462781714726240256,https://www.linkedin.com/feed/update/urn:li:activity:7462781714726240256,"We recently hosted an insightful webinar discussion on the growing role of AI in research management, with professionals across the sector sharing perspectives on opportunities, challenges, and practical use cases.

The conversation explored how AI could support pre-award and post-award teams through smarter analysis, improved efficiency, and better visibility across research operations.

A big thank you to everyone who joined and contributed to the discussion.

#ResearchManagement #HigherEducation #AI #PreAward #PostAward","We recently hosted an insightful webinar discussion on the growing role of AI in research management, with professionals",120,2026-05-20,Wednesday,2026-05-18/2026-05-24,1,Organic,Image or text,,False,219,,1,13,0,0,13,14,0.0639269406392694,0.0045662100456621,0.0,0.0,528,70,6,5,"ResearchManagement, HigherEducation, AI, PreAward, PostAward",0,0,0,0,none,product_capability,Medium (60-120w)
7462844535497273345,https://www.linkedin.com/feed/update/urn:li:activity:7462844535497273345,"We've summarised the key findings from our recent webinar on AI in pre and post award research management, where we explored where AI creates real value in grants management, from eligibility checking to faster proposal creation, and why capacity, not capability, is the biggest barrier holding teams back.","We've summarised the key findings from our recent webinar on AI in pre and post award research management, where we expl",120,2026-05-20,Wednesday,2026-05-18/2026-05-24,1,Organic,Article,Article,True,364,263.0,8,14,0,0,14,22,0.06043956043956044,0.02197802197802198,0.0,0.0,306,48,0,0,,0,0,0,0,none,product_capability,Short (25-60w)
7467241283829436416,https://www.linkedin.com/feed/update/urn:li:activity:7467241283829436416,"Thanks, ARMA! Delighted to be supporting #ARMA2026 as the official Lanyard Partner and exhibiting at the event. Looking forward to seeing everyone in Harrogate!","Thanks, ARMA! Delighted to be supporting #ARMA2026 as the official Lanyard Partner and exhibiting at the event. Looking ",120,2026-06-01,Monday,2026-06-01/2026-06-07,0,Organic,Image or text,,False,289,,9,5,0,1,6,15,0.05190311418685121,0.031141868512110725,0.0034602076124567475,0.0,160,24,0,1,ARMA2026,0,0,0,0,none,event_presence,Very short (<25w)
7467521714789216256,https://www.linkedin.com/feed/update/urn:li:activity:7467521714789216256,"We are proud to be a sponsor of ARMA 2026. Come find us at our desk, where our team will be on hand to talk through how GrantsNow helps research offices manage grants from pre-award to post-award. See you in Harrogate.

ARMA UK (Association of Research Managers and Administrators)
 
#ARMA2026 #ResearchManagement #ResearchAdmin #HigherEducation #ResearchFunding #UKResearch","We are proud to be a sponsor of ARMA 2026. Come find us at our desk, where our team will be on hand to talk through how ",120,2026-06-02,Tuesday,2026-06-01/2026-06-07,1,Organic,Image or text,,False,400,,11,14,0,2,16,27,0.0675,0.0275,0.005,0.0,374,55,4,6,"ARMA2026, ResearchManagement, ResearchAdmin, HigherEducation, ResearchFunding, UKResearch",0,0,0,0,none,event_presence,Short (25-60w)
7468202450068418560,https://www.linkedin.com/feed/update/urn:li:activity:7468202450068418560,"Ian McGowan and Felicia T. spent yesterday at the Unit4 event in Birmingham, connecting with peers from across the higher education community and discussing the challenges and opportunities facing the sector.

They also had the pleasure of visiting our valued client, Aston University, making for a productive day of conversations and collaboration","Ian McGowan and Felicia T. spent yesterday at the Unit4 event in Birmingham, connecting with peers from across the highe",120,2026-06-04,Thursday,2026-06-01/2026-06-07,1,Organic,Image or text,,False,611,,181,28,0,0,28,209,0.34206219312602293,0.29623567921440264,0.0,0.0,348,52,2,0,,0,0,0,0,none,other,Short (25-60w)
7470070276110729217,https://www.linkedin.com/feed/update/urn:li:activity:7470070276110729217,"Come check out some of our newest GrantsNow features at our desk, and chat with the team about how we're helping research offices manage Grants.
 
See you in Harrogate. 

ARMA UK (Association of Research Managers and Administrators)
#ARMA2026 #ResearchManagement #ResearchAdmin #HigherEducation #ResearchFunding #UKResearch","Come check out some of our newest GrantsNow features at our desk, and chat with the team about how we're helping researc",120,2026-06-09,Tuesday,2026-06-08/2026-06-14,1,Organic,Image or text,,False,313,,4,21,0,2,23,27,0.08626198083067092,0.012779552715654952,0.006389776357827476,0.0,323,43,5,6,"ARMA2026, ResearchManagement, ResearchAdmin, HigherEducation, ResearchFunding, UKResearch",0,0,0,0,none,event_presence,Short (25-60w)
7470830070484541441,https://www.linkedin.com/feed/update/urn:li:activity:7470830070484541441,"Meet the GrantsNow team at ARMA 2026 to explore how AI-powered funding discovery, seamless workflows, and integrated Grants management are helping research offices uncover more relevant opportunities and make the most of every funding call.

Get in touch: https://lnkd.in/dU2Brsef

ARMA UK (Association of Research Managers and Administrators)

#ARMA2026 #ResearchManagement #ResearchFunding #HigherEducation #GrantManagement #ResearchDevelopment #GrantsNow","Meet the GrantsNow team at ARMA 2026 to explore how AI-powered funding discovery, seamless workflows, and integrated Gra",120,2026-06-11,Thursday,2026-06-08/2026-06-14,1,Organic,Image or text,,False,244,,5,16,0,3,19,24,0.09836065573770492,0.020491803278688523,0.012295081967213115,0.0,457,54,6,7,"ARMA2026, ResearchManagement, ResearchFunding, HigherEducation, GrantManagement, ResearchDevelopment, GrantsNow",1,0,0,0,read,event_presence,Short (25-60w)
7472536161136193536,https://www.linkedin.com/feed/update/urn:li:activity:7472536161136193536,"ARMA 2026 is here!

Look forward to speaking with our clients and the ARMA community on how we can improve the efficiency of the Research Office.

See you in Harrogate.
",ARMA 2026 is here!,18,2026-06-16,Tuesday,2026-06-15/2026-06-21,1,Organic,Image or text,,False,83,,4,2,0,0,2,6,0.07228915662650602,0.04819277108433735,0.0,0.0,169,30,5,0,,0,0,0,0,none,event_presence,Short (25-60w)
7472551067826814976,https://www.linkedin.com/feed/update/urn:li:activity:7472551067826814976,,,0,2026-06-16,Tuesday,2026-06-15/2026-06-21,1,Organic,Article,Article,True,201,158.0,1,9,0,0,9,10,0.04975124378109453,0.004975124378109453,0.0,0.0,0,0,0,0,,0,0,0,0,none,other,Very short (<25w)
7472680964054384640,https://www.linkedin.com/feed/update/urn:li:activity:7472680964054384640,"We are now in Harrogate!
Looking forward to ARMA

ARMA UK (Association of Research Managers and Administrators) 

#GrantsNow #ARMA2026",We are now in Harrogate!,24,2026-06-16,Tuesday,2026-06-15/2026-06-21,1,Organic,Image or text,,False,715,,26,40,0,2,42,68,0.0951048951048951,0.03636363636363636,0.002797202797202797,0.0,134,19,5,2,"GrantsNow, ARMA2026",0,0,0,0,none,event_presence,Very short (<25w)
7472915819149189122,https://www.linkedin.com/feed/update/urn:li:activity:7472915819149189122,"The GrantsNow team enjoyed the ARMA Pub Quiz last night
We need to do more research on the local area before next year, so we can improve our score...

#GrantsNow #ARMA #ARMA2026 ",The GrantsNow team enjoyed the ARMA Pub Quiz last night,55,2026-06-17,Wednesday,2026-06-15/2026-06-21,1,Organic,Image or text,,False,891,,95,31,0,0,31,126,0.1414141414141414,0.10662177328843996,0.0,0.0,179,32,3,3,"GrantsNow, ARMA, ARMA2026",0,0,0,0,none,event_presence,Short (25-60w)
7473096663725707265,https://www.linkedin.com/feed/update/urn:li:activity:7473096663725707265,"We are at ARMA! Come meet the team at our desk!

ARMA UK (Association of Research Managers and Administrators)

#ARMA #GrantsNow",We are at ARMA! Come meet the team at our desk!,47,2026-06-17,Wednesday,2026-06-15/2026-06-21,1,Organic,Image or text,,False,1244,,72,36,0,3,39,111,0.08922829581993569,0.05787781350482315,0.002411575562700965,0.0,128,21,4,2,"ARMA, GrantsNow",0,0,0,0,none,event_presence,Very short (<25w)
7473373602705248256,https://www.linkedin.com/feed/update/urn:li:activity:7473373602705248256,"It was lovely meeting and chatting with everyone in person at ARMA. 

#GrantsNow #ARMA ",It was lovely meeting and chatting with everyone in person at ARMA. ,68,2026-06-18,Thursday,2026-06-15/2026-06-21,1,Organic,Image or text,,False,854,,44,33,1,0,34,78,0.09133489461358314,0.05152224824355972,0.0,0.00117096018735363,87,14,2,2,"GrantsNow, ARMA",0,0,0,0,none,event_presence,Very short (<25w)
7473698646396555264,https://www.linkedin.com/feed/update/urn:li:activity:7473698646396555264,"Congratulations to Wellcome Sanger Institute for winning the Innovation in Research Management Award at ARMA 2026. 

#ARMA #ARMA2026 #GrantsNow ",Congratulations to Wellcome Sanger Institute for winning the Innovation in Research Management Award at ARMA 2026. ,115,2026-06-19,Friday,2026-06-15/2026-06-21,0,Organic,Image or text,,False,741,,76,32,1,0,33,109,0.14709851551956815,0.10256410256410256,0.0,0.001349527665317139,144,19,2,3,"ARMA, ARMA2026, GrantsNow",0,0,0,0,none,event_presence,Very short (<25w)
7473645838729109504,https://www.linkedin.com/feed/update/urn:li:activity:7473645838729109504,"ARMA Wrap from GrantsNow...

We had a great few days with the ARMA community in Harrogate. We met with our clients, prospects and friends in the world of Research Administration.
GrantsNow continues to help to achieve great efficiency and more funding for Research Organisations across the globe.
See you in Birmingham in 2027!

#ARMA #ARMA2026 #GrantsNow",ARMA Wrap from GrantsNow...,27,2026-06-19,Friday,2026-06-15/2026-06-21,0,Organic,Image or text,,False,1453,,1176,47,1,1,49,1225,0.8430832759807295,0.8093599449415003,0.0006882312456985547,0.0006882312456985547,355,56,6,3,"ARMA, ARMA2026, GrantsNow",0,0,0,0,none,event_presence,Short (25-60w)
7474831101769912320,https://www.linkedin.com/feed/update/urn:li:activity:7474831101769912320,"We know every funder has different rules, manually looking this up over lots of funders takes up valuable time.

GrantsNow's AI does the checking instantly, so your researchers spend their time writing, not reading guidance notes.

Book a demo: https://lnkd.in/dU2Brsef 
#GrantsManagement #AIinResearch #PreAward #ResearchOffice #UKUniversities","We know every funder has different rules, manually looking this up over lots of funders takes up valuable time.",111,2026-06-22,Monday,2026-06-22/2026-06-28,0,Organic,Image or text,,False,147,,8,6,0,1,7,15,0.10204081632653061,0.05442176870748299,0.006802721088435374,0.0,344,45,5,5,"GrantsManagement, AIinResearch, PreAward, ResearchOffice, UKUniversities",1,0,0,0,book_demo,product_capability,Short (25-60w)
7476203732867735552,https://www.linkedin.com/feed/update/urn:li:activity:7476203732867735552,"Still managing grants across emails, spreadsheets, and disconnected systems? Learn how universities are simplifying the grants lifecycle with a single, integrated platform.
Download the whitepaper: https://lnkd.in/g8AanByU

#GrantsNow #Research #Universities ","Still managing grants across emails, spreadsheets, and disconnected systems? Learn how universities are simplifying the ",120,2026-06-26,Friday,2026-06-22/2026-06-28,0,Organic,Image or text,,False,136,,12,7,0,1,8,20,0.14705882352941177,0.08823529411764706,0.007352941176470588,0.0,259,29,3,3,"GrantsNow, Research, Universities",1,0,0,1,download,pain_point,Short (25-60w)
7477323401225719808,https://www.linkedin.com/feed/update/urn:li:activity:7477323401225719808,"Are manual proposal updates across emails or spreadsheets slowing down your bid process? GrantsNow gives everyone a single dashboard with full visibility of every proposal, tailored to their dept/role.

We would be happy to connect: https://lnkd.in/dU2Brsef 

#GrantsManagement #ResearchOffice #PreAward #UKUniversities #HigherEducationUK",Are manual proposal updates across emails or spreadsheets slowing down your bid process? GrantsNow gives everyone a sing,120,2026-06-29,Monday,2026-06-29/2026-07-05,0,Organic,Image or text,,False,84,,4,3,0,0,3,7,0.08333333333333333,0.047619047619047616,0.0,0.0,338,41,4,5,"GrantsManagement, ResearchOffice, PreAward, UKUniversities, HigherEducationUK",1,0,0,1,none,product_capability,Short (25-60w)
7478022878341361664,https://www.linkedin.com/feed/update/urn:li:activity:7478022878341361664,"Role-based access helps universities give researchers, reviewers, finance teams, and administrators access only to the information they need, improving security, collaboration, and governance across the research funding lifecycle.

Download our whitepaper to learn more:
https://lnkd.in/eVuMpbP2

#ResearchManagement #GrantManagement #HigherEducation #ResearchFunding #DataGovernance #ResearchSupport #GrantsNow","Role-based access helps universities give researchers, reviewers, finance teams, and administrators access only to the i",120,2026-07-01,Wednesday,2026-06-29/2026-07-05,1,Organic,Image or text,,False,132,,4,3,0,0,3,7,0.05303030303030303,0.030303030303030304,0.0,0.0,411,42,5,7,"ResearchManagement, GrantManagement, HigherEducation, ResearchFunding, DataGovernance, ResearchSupport, GrantsNow",1,0,0,0,download,product_capability,Short (25-60w)
7478730620421025792,https://www.linkedin.com/feed/update/urn:li:activity:7478730620421025792,"The most valuable conversations at #ARMA2026 weren't about software. They were about the everyday challenges research teams face, from finding funding opportunities to managing disconnected systems and reporting. We share the key insights in our latest article.

ARMA UK (Association of Research Managers and Administrators)

#ResearchManagement #ResearchSupport #HigherEducation #GrantManagement #GrantsNow",The most valuable conversations at #ARMA2026 weren't about software. They were about the everyday challenges research te,120,2026-07-03,Friday,2026-06-29/2026-07-05,0,Organic,Article,Article,True,471,229.0,10,9,0,0,9,19,0.040339702760084924,0.021231422505307854,0.0,0.0,407,50,4,6,"ARMA2026, ResearchManagement, ResearchSupport, HigherEducation, GrantManagement, GrantsNow",0,0,0,0,none,event_presence,Short (25-60w)
7478747715691008000,https://www.linkedin.com/feed/update/urn:li:activity:7478747715691008000,"Manually pulling together proposal details from multiple sources before you have even started writing is time nobody can afford. GrantsNow auto-populates your outline proposal directly from the funding call, cutting the admin so your researchers can focus on what actually wins Grants.

Would you like to know more? Get in touch: https://lnkd.in/dU2Brsef

#GrantsManagement #PreAward #ResearchOffice #UKUniversities #AIinResearch",Manually pulling together proposal details from multiple sources before you have even started writing is time nobody can,120,2026-07-03,Friday,2026-06-29/2026-07-05,0,Organic,Image or text,,False,191,,6,11,0,0,11,17,0.08900523560209424,0.031413612565445025,0.0,0.0,429,57,4,5,"GrantsManagement, PreAward, ResearchOffice, UKUniversities, AIinResearch",1,0,0,1,contact,other,Short (25-60w)
7480198934196379648,https://www.linkedin.com/feed/update/urn:li:activity:7480198934196379648,"Missed feedback and multiple document versions can put funding applications at risk. Explore how a structured approach to proposal corrections helps universities reduce administrative effort and improve submission quality.

Download the whitepaper:
https://lnkd.in/gZQqbfDX

#GrantsNow #Whitepaper",Missed feedback and multiple document versions can put funding applications at risk. Explore how a structured approach t,120,2026-07-07,Tuesday,2026-07-06/2026-07-12,1,Organic,Image or text,,False,79,,5,3,0,0,3,8,0.10126582278481013,0.06329113924050633,0.0,0.0,297,35,5,2,"GrantsNow, Whitepaper",1,0,0,0,download,thought_leadership,Short (25-60w)
7480923737064689664,https://www.linkedin.com/feed/update/urn:li:activity:7480923737064689664,,,0,2026-07-09,Thursday,2026-07-06/2026-07-12,1,Organic,Article,Article,True,137,211.0,1,7,0,0,7,8,0.058394160583941604,0.0072992700729927005,0.0,0.0,0,0,0,0,,0,0,0,0,none,other,Very short (<25w)
7481020822741073920,https://www.linkedin.com/feed/update/urn:li:activity:7481020822741073920,"Proposal rework can become difficult to manage when feedback, document changes, and approvals are spread across multiple email threads.

Our latest whitepaper explores how keeping every discussion and decision linked to the proposal can improve collaboration, provide greater visibility, and help research teams keep submissions moving forward.

Download the free whitepaper: https://lnkd.in/gZQqbfDX

#GrantsNow #Whitepaper #ResearchManagement","Proposal rework can become difficult to manage when feedback, document changes, and approvals are spread across multiple",120,2026-07-09,Thursday,2026-07-06/2026-07-12,1,Organic,Image or text,,False,176,,4,10,0,1,11,15,0.08522727272727272,0.022727272727272728,0.005681818181818182,0.0,444,55,6,3,"GrantsNow, Whitepaper, ResearchManagement",1,0,0,0,download,pain_point,Short (25-60w)
7481391339167944706,https://www.linkedin.com/feed/update/urn:li:activity:7481391339167944706,"Researchers, administrators, reviewers, and finance teams each need access to different information throughout the funding lifecycle.

Our latest whitepaper explores how role-based access can help universities protect sensitive information, improve collaboration, and ensure every user sees the information relevant to their responsibilities.

Download it here: https://lnkd.in/eVuMpbP2

#GrantsNow #ResearchFunding #Whitepaper #Funding #Research","Researchers, administrators, reviewers, and finance teams each need access to different information throughout the fundi",120,2026-07-10,Friday,2026-07-06/2026-07-12,0,Organic,Image or text,,False,133,,3,8,0,0,8,11,0.08270676691729323,0.022556390977443608,0.0,0.0,446,51,6,5,"GrantsNow, ResearchFunding, Whitepaper, Funding, Research",1,0,0,0,download,product_capability,Short (25-60w)
7482820498771529728,https://www.linkedin.com/feed/update/urn:li:activity:7482820498771529728,"GrantsNow uses AI to surface relevant funding opportunities based on your research areas, favourite funders and team preferences. The right calls find you, not the other way around.

Book a demo: https://lnkd.in/dU2Brsef

#GrantsManagement #AIinResearch #Funding #ResearchOffice #HigherEducationUK
","GrantsNow uses AI to surface relevant funding opportunities based on your research areas, favourite funders and team pre",120,2026-07-14,Tuesday,2026-07-13/2026-07-19,1,Organic,Image or text,,False,118,,1,9,0,1,10,11,0.09322033898305085,0.00847457627118644,0.00847457627118644,0.0,298,37,5,5,"GrantsManagement, AIinResearch, Funding, ResearchOffice, HigherEducationUK",1,0,0,0,book_demo,product_capability,Short (25-60w)
7483460514187112449,https://www.linkedin.com/feed/update/urn:li:activity:7483460514187112449,,,0,2026-07-16,Thursday,2026-07-13/2026-07-19,1,Organic,Article,Article,True,66,180.0,1,1,0,0,1,2,0.030303030303030304,0.015151515151515152,0.0,0.0,0,0,0,0,,0,0,0,0,none,other,Very short (<25w)
7483483091794182144,https://www.linkedin.com/feed/update/urn:li:activity:7483483091794182144,"Proposal feedback, peer reviews, and approvals shouldn't disappear into inboxes. Discover how keeping every discussion linked to the proposal improves collaboration, visibility, and audit readiness.

Download the whitepaper: https://lnkd.in/e8u_9AzK

#GrantsNow #Research #PreAwards #GrantsManagement ","Proposal feedback, peer reviews, and approvals shouldn't disappear into inboxes. Discover how keeping every discussion l",120,2026-07-16,Thursday,2026-07-13/2026-07-19,1,Organic,Image or text,,False,79,,0,5,0,0,5,5,0.06329113924050633,0.0,0.0,0.0,301,33,4,4,"GrantsNow, Research, PreAwards, GrantsManagement",1,0,0,0,download,thought_leadership,Short (25-60w)
7483849474553966592,https://www.linkedin.com/feed/update/urn:li:activity:7483849474553966592,"Every proposal generates questions, feedback, and approvals. When they're managed across email, finding the right information becomes difficult, especially as submission volumes grow.
 
Learn how a single proposal record keeps every conversation in one place.
Download the whitepaper: https://lnkd.in/e8u_9AzK

#GrantsNow #Research #PreAwards #GrantsManagement ","Every proposal generates questions, feedback, and approvals. When they're managed across email, finding the right inform",120,2026-07-17,Friday,2026-07-13/2026-07-19,0,Organic,Image or text,,False,81,,1,2,0,0,2,3,0.037037037037037035,0.012345679012345678,0.0,0.0,361,43,5,4,"GrantsNow, Research, PreAwards, GrantsManagement",1,0,0,0,download,product_capability,Short (25-60w)
